"","Sample","Leaf_cm2","Lesion_cm2","Rust_cm2","SampID","Leaf","Replicate","Treatment","Genotype","Region"
"1","G1.T1.R1_L1",51.9836,1.2621,0.0036,"G1.T1.R1","L1","R1","Alternaria","West-7","Western"
"2","G1.T1.R1_L2",41.4595,2.9128,0.1075,"G1.T1.R1","L2","R1","Alternaria","West-7","Western"
"3","G1.T1.R2_L3",66.8049,0.3807,0.0044,"G1.T1.R2","L3","R2","Alternaria","West-7","Western"
"4","G1.T1.R5_L1",78.7714,0.0206,0,"G1.T1.R5","L1","R5","Alternaria","West-7","Western"
"5","G1.T1.R5_L2",55.1754,0.0699,5e-04,"G1.T1.R5","L2","R5","Alternaria","West-7","Western"
"6","G1.T2.R1_L1",20.3582,0.1201,0,"G1.T2.R1","L1","R1","Cladosporium","West-7","Western"
"7","G1.T2.R2_L3",69.293,0.3464,0.0011,"G1.T2.R2","L3","R2","Cladosporium","West-7","Western"
"8","G1.T2.R4_L1",56.7463,0.026,0,"G1.T2.R4","L1","R4","Cladosporium","West-7","Western"
"9","G1.T2.R4_L2",60.3291,0.1662,0,"G1.T2.R4","L2","R4","Cladosporium","West-7","Western"
"10","G1.T2.R5_L3",78.2092,4.7877,0.4786,"G1.T2.R5","L3","R5","Cladosporium","West-7","Western"
"11","G1.T3.R1_L2",74.6819,0.3922,1e-04,"G1.T3.R1","L2","R1","Fusarium","West-7","Western"
"12","G1.T3.R1_L3",91.8115,0.1102,0,"G1.T3.R1","L3","R1","Fusarium","West-7","Western"
"13","G1.T3.R2_L2",32.0486,0.6096,0.0061,"G1.T3.R2","L2","R2","Fusarium","West-7","Western"
"14","G1.T3.R4_L1",60.8203,2.8482,0.2363,"G1.T3.R4","L1","R4","Fusarium","West-7","Western"
"15","G1.T3.R4_L2",49.6507,2.6772,0.1562,"G1.T3.R4","L2","R4","Fusarium","West-7","Western"
"16","G1.T3.R5_L1",66.83,0.3083,8e-04,"G1.T3.R5","L1","R5","Fusarium","West-7","Western"
"17","G1.T3.R5_L2",75.6514,0.095,0,"G1.T3.R5","L2","R5","Fusarium","West-7","Western"
"18","G1.T3.R5_L3",61.6946,0.0829,0,"G1.T3.R5","L3","R5","Fusarium","West-7","Western"
"19","G1.T4.R1_L1",66.8371,1.5643,0.0027,"G1.T4.R1","L1","R1","Aureobasidium","West-7","Western"
"20","G1.T4.R4_L1",63.3828,1.4619,0.0306,"G1.T4.R4","L1","R4","Aureobasidium","West-7","Western"
"21","G1.T4.R4_L2",66.5874,1.9862,0.031,"G1.T4.R4","L2","R4","Aureobasidium","West-7","Western"
"22","G1.T4.R4_L3",46.4279,2.5589,0.0226,"G1.T4.R4","L3","R4","Aureobasidium","West-7","Western"
"23","G1.T4.R5_L1",55.4178,0.006,0,"G1.T4.R5","L1","R5","Aureobasidium","West-7","Western"
"24","G1.T4.R5_L2",72.1242,0.0611,0,"G1.T4.R5","L2","R5","Aureobasidium","West-7","Western"
"25","G1.T4.R5_L3",56.0601,0.0093,0,"G1.T4.R5","L3","R5","Aureobasidium","West-7","Western"
"26","G1.T5.R1_L1",67.2038,0.0497,0,"G1.T5.R1","L1","R1","Dioszegia","West-7","Western"
"27","G1.T5.R1_L2",78.0289,0.5194,1e-04,"G1.T5.R1","L2","R1","Dioszegia","West-7","Western"
"28","G1.T5.R2_L1",86.3503,0.2083,0,"G1.T5.R2","L1","R2","Dioszegia","West-7","Western"
"29","G1.T5.R2_L2",62.4465,0.0414,0,"G1.T5.R2","L2","R2","Dioszegia","West-7","Western"
"30","G1.T5.R2_L3",66.572,0.0212,0,"G1.T5.R2","L3","R2","Dioszegia","West-7","Western"
"31","G1.T5.R4_L1",51.9056,0.5471,0.0011,"G1.T5.R4","L1","R4","Dioszegia","West-7","Western"
"32","G1.T5.R4_L2",52.0029,0.0641,0.0015,"G1.T5.R4","L2","R4","Dioszegia","West-7","Western"
"33","G1.T5.R5_L1",58.1793,0.0263,0,"G1.T5.R5","L1","R5","Dioszegia","West-7","Western"
"34","G1.T6.R2_L2",41.4991,2.8329,0.0402,"G1.T6.R2","L2","R2","Control","West-7","Western"
"35","G1.T6.R2_L3",40.2292,1.8803,0.0299,"G1.T6.R2","L3","R2","Control","West-7","Western"
"36","G1.T6.R4_L1",68.1888,0.2775,0,"G1.T6.R4","L1","R4","Control","West-7","Western"
"37","G1.T6.R4_L2",75.8049,0.4244,0,"G1.T6.R4","L2","R4","Control","West-7","Western"
"38","G1.T6.R5_L2",64.8714,0.4228,0.0041,"G1.T6.R5","L2","R5","Control","West-7","Western"
"39","G1.T6.R5_L3",51.8006,4.5511,0.2894,"G1.T6.R5","L3","R5","Control","West-7","Western"
"40","G10.T1.R1_L1",30.724,11.9958,3.2365,"G10.T1.R1","L1","R1","Alternaria","East-1","Eastern"
"41","G10.T1.R1_L2",37.2503,13.8864,3.2414,"G10.T1.R1","L2","R1","Alternaria","East-1","Eastern"
"42","G10.T1.R2_L1",58.8857,7.5904,1.2701,"G10.T1.R2","L1","R2","Alternaria","East-1","Eastern"
"43","G10.T1.R2_L2",45.0679,9.6221,2.661,"G10.T1.R2","L2","R2","Alternaria","East-1","Eastern"
"44","G10.T1.R2_L3",55.4297,21.1795,6.8674,"G10.T1.R2","L3","R2","Alternaria","East-1","Eastern"
"45","G10.T1.R3_L1",12.0047,1.8671,0.2751,"G10.T1.R3","L1","R3","Alternaria","East-1","Eastern"
"46","G10.T1.R3_L2",12.1823,2.9756,0.5687,"G10.T1.R3","L2","R3","Alternaria","East-1","Eastern"
"47","G10.T1.R3_L3",9.0114,1.4799,0.3164,"G10.T1.R3","L3","R3","Alternaria","East-1","Eastern"
"48","G10.T1.R4_L1",21.3421,1.9748,0.3026,"G10.T1.R4","L1","R4","Alternaria","East-1","Eastern"
"49","G10.T1.R4_L2",22.9394,4.0268,0.9813,"G10.T1.R4","L2","R4","Alternaria","East-1","Eastern"
"50","G10.T1.R4_L3",27.5174,7.0339,1.9035,"G10.T1.R4","L3","R4","Alternaria","East-1","Eastern"
"51","G10.T2.R1_L2",21.8827,6.8528,2.6558,"G10.T2.R1","L2","R1","Cladosporium","East-1","Eastern"
"52","G10.T2.R2_L1",49.7184,4.4389,0.9385,"G10.T2.R2","L1","R2","Cladosporium","East-1","Eastern"
"53","G10.T2.R2_L3",36.9598,3.5511,0.8349,"G10.T2.R2","L3","R2","Cladosporium","East-1","Eastern"
"54","G10.T2.R3_L2",70.5791,26.5243,9.3454,"G10.T2.R3","L2","R3","Cladosporium","East-1","Eastern"
"55","G10.T2.R3_L3",52.4516,10.3056,2.2176,"G10.T2.R3","L3","R3","Cladosporium","East-1","Eastern"
"56","G10.T2.R4_L1",34.6303,15.2683,3.4208,"G10.T2.R4","L1","R4","Cladosporium","East-1","Eastern"
"57","G10.T2.R4_L2",31.5227,7.787,2.4297,"G10.T2.R4","L2","R4","Cladosporium","East-1","Eastern"
"58","G10.T2.R4_L3",20.0994,5.9801,1.4691,"G10.T2.R4","L3","R4","Cladosporium","East-1","Eastern"
"59","G10.T3.R1_L1",24.964,4.7228,0.3717,"G10.T3.R1","L1","R1","Fusarium","East-1","Eastern"
"60","G10.T3.R1_L2",15.5661,2.0861,0.0596,"G10.T3.R1","L2","R1","Fusarium","East-1","Eastern"
"61","G10.T3.R2_L1",44.5863,15.0262,2.3598,"G10.T3.R2","L1","R2","Fusarium","East-1","Eastern"
"62","G10.T3.R2_L2",50.2173,11.4202,2.731,"G10.T3.R2","L2","R2","Fusarium","East-1","Eastern"
"63","G10.T3.R2_L3",37.1016,7.5566,1.3566,"G10.T3.R2","L3","R2","Fusarium","East-1","Eastern"
"64","G10.T3.R3_L1",25.4054,4.5862,0.6782,"G10.T3.R3","L1","R3","Fusarium","East-1","Eastern"
"65","G10.T3.R3_L2",9.411,2.6665,0.4507,"G10.T3.R3","L2","R3","Fusarium","East-1","Eastern"
"66","G10.T3.R3_L3",13.0166,1.8553,0.5195,"G10.T3.R3","L3","R3","Fusarium","East-1","Eastern"
"67","G10.T3.R4_L1",34.0353,5.8147,1.0809,"G10.T3.R4","L1","R4","Fusarium","East-1","Eastern"
"68","G10.T3.R4_L2",28.5567,7.2606,1.9436,"G10.T3.R4","L2","R4","Fusarium","East-1","Eastern"
"69","G10.T3.R4_L3",36.0905,3.9999,0.9734,"G10.T3.R4","L3","R4","Fusarium","East-1","Eastern"
"70","G10.T4.R1_L2",17.3716,7.3375,2.321,"G10.T4.R1","L2","R1","Aureobasidium","East-1","Eastern"
"71","G10.T4.R1_L3",12.9739,3.6722,0.6349,"G10.T4.R1","L3","R1","Aureobasidium","East-1","Eastern"
"72","G10.T4.R2_L1",33.1697,7.3181,1.8706,"G10.T4.R2","L1","R2","Aureobasidium","East-1","Eastern"
"73","G10.T4.R2_L3",24.0114,7.5323,2.3473,"G10.T4.R2","L3","R2","Aureobasidium","East-1","Eastern"
"74","G10.T4.R3_L1",31.806,7.342,2.0164,"G10.T4.R3","L1","R3","Aureobasidium","East-1","Eastern"
"75","G10.T4.R3_L2",34.7019,14.752,6.0406,"G10.T4.R3","L2","R3","Aureobasidium","East-1","Eastern"
"76","G10.T4.R3_L3",31.7522,11.1526,4.645,"G10.T4.R3","L3","R3","Aureobasidium","East-1","Eastern"
"77","G10.T4.R4_L1",61.3161,29.1069,9.9554,"G10.T4.R4","L1","R4","Aureobasidium","East-1","Eastern"
"78","G10.T4.R4_L2",63.3225,32.7332,9.1187,"G10.T4.R4","L2","R4","Aureobasidium","East-1","Eastern"
"79","G10.T4.R4_L3",53.6627,11.5746,2.9743,"G10.T4.R4","L3","R4","Aureobasidium","East-1","Eastern"
"80","G10.T5.R1_L1",18.419,8.375,1.9237,"G10.T5.R1","L1","R1","Dioszegia","East-1","Eastern"
"81","G10.T5.R2_L1",32.1838,3.206,0.395,"G10.T5.R2","L1","R2","Dioszegia","East-1","Eastern"
"82","G10.T5.R2_L2",32.0828,12.2911,4.2168,"G10.T5.R2","L2","R2","Dioszegia","East-1","Eastern"
"83","G10.T5.R2_L3",19.7663,4.1709,1.258,"G10.T5.R2","L3","R2","Dioszegia","East-1","Eastern"
"84","G10.T5.R3_L2",12.0952,1.7973,0.1797,"G10.T5.R3","L2","R3","Dioszegia","East-1","Eastern"
"85","G10.T5.R3_L3",10.9854,1.0107,0.0793,"G10.T5.R3","L3","R3","Dioszegia","East-1","Eastern"
"86","G10.T5.R4_L1",38.5863,3.0526,0.4505,"G10.T5.R4","L1","R4","Dioszegia","East-1","Eastern"
"87","G10.T5.R4_L2",46.0165,11.3534,2.8791,"G10.T5.R4","L2","R4","Dioszegia","East-1","Eastern"
"88","G10.T5.R4_L3",55.1459,9.5407,2.4904,"G10.T5.R4","L3","R4","Dioszegia","East-1","Eastern"
"89","G10.T6.R1_L1",20.5504,2.8175,0.0212,"G10.T6.R1","L1","R1","Control","East-1","Eastern"
"90","G10.T6.R1_L2",14.1013,2.0257,0.0174,"G10.T6.R1","L2","R1","Control","East-1","Eastern"
"91","G10.T6.R1_L3",8.4392,1.0772,0.0032,"G10.T6.R1","L3","R1","Control","East-1","Eastern"
"92","G10.T6.R2_L1",9.1336,2.6885,0.3708,"G10.T6.R2","L1","R2","Control","East-1","Eastern"
"93","G10.T6.R2_L3",7.8418,2.0787,0.6322,"G10.T6.R2","L3","R2","Control","East-1","Eastern"
"94","G10.T6.R3_L2",48.4755,29.653,14.8072,"G10.T6.R3","L2","R3","Control","East-1","Eastern"
"95","G10.T6.R3_L3",36.5306,7.551,2.2192,"G10.T6.R3","L3","R3","Control","East-1","Eastern"
"96","G10.T6.R4_L3",24.0041,4.6662,0.4128,"G10.T6.R4","L3","R4","Control","East-1","Eastern"
"97","G11.T1.R1_L1",42.7891,12.083,0.4899,"G11.T1.R1","L1","R1","Alternaria","East-2","Eastern"
"98","G11.T1.R1_L2",37.1509,9.1463,0.3154,"G11.T1.R1","L2","R1","Alternaria","East-2","Eastern"
"99","G11.T1.R1_L3",29.9387,5.0592,0.1483,"G11.T1.R1","L3","R1","Alternaria","East-2","Eastern"
"100","G11.T1.R2_L1",18.0394,3.4184,0.1447,"G11.T1.R2","L1","R2","Alternaria","East-2","Eastern"
"101","G11.T1.R2_L2",21.3565,2.4192,0.1636,"G11.T1.R2","L2","R2","Alternaria","East-2","Eastern"
"102","G11.T1.R3_L1",10.9215,0.9995,0.0115,"G11.T1.R3","L1","R3","Alternaria","East-2","Eastern"
"103","G11.T1.R3_L2",9.9422,1.5446,0.1586,"G11.T1.R3","L2","R3","Alternaria","East-2","Eastern"
"104","G11.T1.R4_L1",35.3004,9.2789,0.7691,"G11.T1.R4","L1","R4","Alternaria","East-2","Eastern"
"105","G11.T1.R4_L2",21.3948,1.4657,0.0186,"G11.T1.R4","L2","R4","Alternaria","East-2","Eastern"
"106","G11.T1.R4_L3",19.8995,3.327,0.1589,"G11.T1.R4","L3","R4","Alternaria","East-2","Eastern"
"107","G11.T2.R1_L1",44.9072,9.2186,0.0976,"G11.T2.R1","L1","R1","Cladosporium","East-2","Eastern"
"108","G11.T2.R1_L2",46.3498,3.0447,0.2738,"G11.T2.R1","L2","R1","Cladosporium","East-2","Eastern"
"109","G11.T2.R2_L1",25.7421,0.7284,0.0166,"G11.T2.R2","L1","R2","Cladosporium","East-2","Eastern"
"110","G11.T2.R2_L3",12.1568,1.0513,0.1456,"G11.T2.R2","L3","R2","Cladosporium","East-2","Eastern"
"111","G11.T2.R4_L1",48.6275,10.196,2.5621,"G11.T2.R4","L1","R4","Cladosporium","East-2","Eastern"
"112","G11.T2.R4_L2",46.4339,5.0227,1.1538,"G11.T2.R4","L2","R4","Cladosporium","East-2","Eastern"
"113","G11.T3.R1_L1",52.3949,14.462,0.8365,"G11.T3.R1","L1","R1","Fusarium","East-2","Eastern"
"114","G11.T3.R2_L1",43.1357,12.5299,2.7615,"G11.T3.R2","L1","R2","Fusarium","East-2","Eastern"
"115","G11.T3.R2_L2",22.5737,2.9488,0.6802,"G11.T3.R2","L2","R2","Fusarium","East-2","Eastern"
"116","G11.T3.R3_L2",24.2452,6.2547,1.368,"G11.T3.R3","L2","R3","Fusarium","East-2","Eastern"
"117","G11.T3.R4_L1",20.2149,4.8424,0.4369,"G11.T3.R4","L1","R4","Fusarium","East-2","Eastern"
"118","G11.T3.R4_L3",11.0762,3.5987,0.7215,"G11.T3.R4","L3","R4","Fusarium","East-2","Eastern"
"119","G11.T4.R1_L1",23.6238,2.4851,0.1243,"G11.T4.R1","L1","R1","Aureobasidium","East-2","Eastern"
"120","G11.T4.R1_L2",26.6663,8.14,0.783,"G11.T4.R1","L2","R1","Aureobasidium","East-2","Eastern"
"121","G11.T4.R1_L3",32.9613,4.9313,0.5261,"G11.T4.R1","L3","R1","Aureobasidium","East-2","Eastern"
"122","G11.T4.R2_L1",31.5794,7.1021,0.3974,"G11.T4.R2","L1","R2","Aureobasidium","East-2","Eastern"
"123","G11.T4.R2_L3",33.9373,9.1528,0.8392,"G11.T4.R2","L3","R2","Aureobasidium","East-2","Eastern"
"124","G11.T4.R3_L1",10.9625,2.3515,0.3039,"G11.T4.R3","L1","R3","Aureobasidium","East-2","Eastern"
"125","G11.T4.R3_L2",5.6701,0.2892,0.0061,"G11.T4.R3","L2","R3","Aureobasidium","East-2","Eastern"
"126","G11.T4.R4_L2",45.5419,7.7108,1.2734,"G11.T4.R4","L2","R4","Aureobasidium","East-2","Eastern"
"127","G11.T5.R2_L1",12.592,1.4926,0.1154,"G11.T5.R2","L1","R2","Dioszegia","East-2","Eastern"
"128","G11.T5.R2_L2",23.3256,4.9529,1.1269,"G11.T5.R2","L2","R2","Dioszegia","East-2","Eastern"
"129","G11.T5.R2_L3",27.4116,9.7808,0.9278,"G11.T5.R2","L3","R2","Dioszegia","East-2","Eastern"
"130","G11.T5.R3_L1",23.8053,3.6823,0.7877,"G11.T5.R3","L1","R3","Dioszegia","East-2","Eastern"
"131","G11.T5.R3_L2",25.4939,3.9686,0.4344,"G11.T5.R3","L2","R3","Dioszegia","East-2","Eastern"
"132","G11.T6.R1_L1",11.482,1.14,0,"G11.T6.R1","L1","R1","Control","East-2","Eastern"
"133","G11.T6.R1_L2",9.3136,0.9225,0,"G11.T6.R1","L2","R1","Control","East-2","Eastern"
"134","G11.T6.R3_L1",28.3632,12.5754,1.624,"G11.T6.R3","L1","R3","Control","East-2","Eastern"
"135","G11.T6.R3_L2",11.3731,6.9396,2.4653,"G11.T6.R3","L2","R3","Control","East-2","Eastern"
"136","G11.T6.R3_L3",16.8767,6.669,2.952,"G11.T6.R3","L3","R3","Control","East-2","Eastern"
"137","G11.T6.R4_L2",12.4076,2.8435,0.0388,"G11.T6.R4","L2","R4","Control","East-2","Eastern"
"138","G11.T6.R4_L3",16.664,0.7151,0.0413,"G11.T6.R4","L3","R4","Control","East-2","Eastern"
"139","G12.T1.R1_L3",33.6774,3.2209,0.2449,"G12.T1.R1","L3","R1","Alternaria","West-5","Western"
"140","G12.T1.R2_L1",14.1787,1.8675,0.0669,"G12.T1.R2","L1","R2","Alternaria","West-5","Western"
"141","G12.T1.R2_L3",23.4909,3.6093,0.1676,"G12.T1.R2","L3","R2","Alternaria","West-5","Western"
"142","G12.T1.R3_L1",12.0281,2.239,0.1825,"G12.T1.R3","L1","R3","Alternaria","West-5","Western"
"143","G12.T1.R3_L2",21.9223,3.4809,0.5025,"G12.T1.R3","L2","R3","Alternaria","West-5","Western"
"144","G12.T1.R3_L3",21.402,5.5235,0.1624,"G12.T1.R3","L3","R3","Alternaria","West-5","Western"
"145","G12.T2.R2_L1",50.7736,8.4645,0.3147,"G12.T2.R2","L1","R2","Cladosporium","West-5","Western"
"146","G12.T2.R2_L2",36.4356,8.595,0.111,"G12.T2.R2","L2","R2","Cladosporium","West-5","Western"
"147","G12.T2.R2_L3",30.4064,7.1727,0.289,"G12.T2.R2","L3","R2","Cladosporium","West-5","Western"
"148","G12.T2.R3_L1",36.5844,2.7814,0.1043,"G12.T2.R3","L1","R3","Cladosporium","West-5","Western"
"149","G12.T2.R3_L3",26.0898,6.6327,0.7389,"G12.T2.R3","L3","R3","Cladosporium","West-5","Western"
"150","G12.T2.R4_L1",14.155,3.4918,0.582,"G12.T2.R4","L1","R4","Cladosporium","West-5","Western"
"151","G12.T2.R4_L2",8.9327,0.0509,0.0025,"G12.T2.R4","L2","R4","Cladosporium","West-5","Western"
"152","G12.T2.R4_L3",13.8444,1.373,0.2024,"G12.T2.R4","L3","R4","Cladosporium","West-5","Western"
"153","G12.T3.R1_L1",28.8862,1.8846,0.0412,"G12.T3.R1","L1","R1","Fusarium","West-5","Western"
"154","G12.T3.R1_L2",46.9129,2.9785,0.0338,"G12.T3.R1","L2","R1","Fusarium","West-5","Western"
"155","G12.T3.R2_L1",17.4665,0.7288,0.0024,"G12.T3.R2","L1","R2","Fusarium","West-5","Western"
"156","G12.T3.R2_L2",27.3657,4.5622,0.1687,"G12.T3.R2","L2","R2","Fusarium","West-5","Western"
"157","G12.T3.R3_L1",34.0362,2.8658,0.3122,"G12.T3.R3","L1","R3","Fusarium","West-5","Western"
"158","G12.T3.R3_L2",22.417,5.9553,0.6567,"G12.T3.R3","L2","R3","Fusarium","West-5","Western"
"159","G12.T3.R3_L3",19.1749,5.6031,0.5477,"G12.T3.R3","L3","R3","Fusarium","West-5","Western"
"160","G12.T3.R4_L1",34.4588,5.0128,0.2041,"G12.T3.R4","L1","R4","Fusarium","West-5","Western"
"161","G12.T3.R4_L3",38.6241,3.8651,0.0996,"G12.T3.R4","L3","R4","Fusarium","West-5","Western"
"162","G12.T4.R1_L1",22.4671,4.892,0.5612,"G12.T4.R1","L1","R1","Aureobasidium","West-5","Western"
"163","G12.T4.R1_L2",33.0222,9.9828,2.7694,"G12.T4.R1","L2","R1","Aureobasidium","West-5","Western"
"164","G12.T4.R2_L1",32.4511,3.5047,0.1393,"G12.T4.R2","L1","R2","Aureobasidium","West-5","Western"
"165","G12.T4.R2_L2",23.1306,2.3757,0.1136,"G12.T4.R2","L2","R2","Aureobasidium","West-5","Western"
"166","G12.T4.R4_L1",44.3576,0.3566,0.0048,"G12.T4.R4","L1","R4","Aureobasidium","West-5","Western"
"167","G12.T4.R4_L2",73.3261,3.9434,0.2124,"G12.T4.R4","L2","R4","Aureobasidium","West-5","Western"
"168","G12.T4.R4_L3",41.0572,0.9181,0.0476,"G12.T4.R4","L3","R4","Aureobasidium","West-5","Western"
"169","G12.T5.R1_L1",50.7012,14.0674,2.0155,"G12.T5.R1","L1","R1","Dioszegia","West-5","Western"
"170","G12.T5.R1_L2",32.1446,5.8274,0.4972,"G12.T5.R1","L2","R1","Dioszegia","West-5","Western"
"171","G12.T5.R2_L1",55.592,3.6926,0.1124,"G12.T5.R2","L1","R2","Dioszegia","West-5","Western"
"172","G12.T5.R3_L2",44.623,5.9,0.2769,"G12.T5.R3","L2","R3","Dioszegia","West-5","Western"
"173","G12.T5.R4_L1",23.382,3.5082,0.5295,"G12.T5.R4","L1","R4","Dioszegia","West-5","Western"
"174","G12.T5.R4_L2",32.7468,7.9342,0.5987,"G12.T5.R4","L2","R4","Dioszegia","West-5","Western"
"175","G12.T5.R4_L3",10.4189,4.4001,0.5465,"G12.T5.R4","L3","R4","Dioszegia","West-5","Western"
"176","G12.T6.R1_L1",41.701,13.4868,1.991,"G12.T6.R1","L1","R1","Control","West-5","Western"
"177","G12.T6.R1_L3",24.1475,1.1821,0.0197,"G12.T6.R1","L3","R1","Control","West-5","Western"
"178","G12.T6.R2_L1",41.3075,19.8707,2.989,"G12.T6.R2","L1","R2","Control","West-5","Western"
"179","G12.T6.R4_L2",36.5989,13.9344,1.3554,"G12.T6.R4","L2","R4","Control","West-5","Western"
"180","G12.T6.R4_L3",23.9252,7.9552,0.4807,"G12.T6.R4","L3","R4","Control","West-5","Western"
"181","G2.T1.R1_L1",58.0525,0.1952,0,"G2.T1.R1","L1","R1","Alternaria","West-6","Western"
"182","G2.T1.R1_L2",41.2005,0.0225,0,"G2.T1.R1","L2","R1","Alternaria","West-6","Western"
"183","G2.T1.R2_L1",60.1608,0.072,0,"G2.T1.R2","L1","R2","Alternaria","West-6","Western"
"184","G2.T1.R2_L2",53.9076,0.5273,0,"G2.T1.R2","L2","R2","Alternaria","West-6","Western"
"185","G2.T1.R2_L3",54.8582,0.536,0,"G2.T1.R2","L3","R2","Alternaria","West-6","Western"
"186","G2.T1.R4_L1",55.6787,0.5995,0,"G2.T1.R4","L1","R4","Alternaria","West-6","Western"
"187","G2.T1.R4_L2",44.7657,0.5824,0,"G2.T1.R4","L2","R4","Alternaria","West-6","Western"
"188","G2.T1.R4_L3",64.0057,2.3388,0.009,"G2.T1.R4","L3","R4","Alternaria","West-6","Western"
"189","G2.T1.R5_L1",45.572,0.0503,0,"G2.T1.R5","L1","R5","Alternaria","West-6","Western"
"190","G2.T1.R5_L3",45.8445,0.4458,0.001,"G2.T1.R5","L3","R5","Alternaria","West-6","Western"
"191","G2.T2.R1_L1",65.3595,3.2062,0.0023,"G2.T2.R1","L1","R1","Cladosporium","West-6","Western"
"192","G2.T2.R1_L2",68.1084,2.6983,0.0117,"G2.T2.R1","L2","R1","Cladosporium","West-6","Western"
"193","G2.T2.R2_L1",62.5516,0.4923,0,"G2.T2.R2","L1","R2","Cladosporium","West-6","Western"
"194","G2.T2.R2_L2",36.0031,2.1995,0.052,"G2.T2.R2","L2","R2","Cladosporium","West-6","Western"
"195","G2.T2.R2_L3",42.0435,2.3077,0.0014,"G2.T2.R2","L3","R2","Cladosporium","West-6","Western"
"196","G2.T2.R4_L1",47.2479,0.0132,0,"G2.T2.R4","L1","R4","Cladosporium","West-6","Western"
"197","G2.T2.R4_L2",41.3682,0.1109,0,"G2.T2.R4","L2","R4","Cladosporium","West-6","Western"
"198","G2.T2.R4_L3",22.7136,0.2513,3e-04,"G2.T2.R4","L3","R4","Cladosporium","West-6","Western"
"199","G2.T2.R5_L1",94.3694,0.1279,0,"G2.T2.R5","L1","R5","Cladosporium","West-6","Western"
"200","G2.T3.R1_L1",81.395,0.7617,0,"G2.T3.R1","L1","R1","Fusarium","West-6","Western"
"201","G2.T3.R1_L2",59.5954,1.0149,2e-04,"G2.T3.R1","L2","R1","Fusarium","West-6","Western"
"202","G2.T3.R2_L1",56.244,2.3456,0.009,"G2.T3.R2","L1","R2","Fusarium","West-6","Western"
"203","G2.T3.R2_L2",73.0917,2.9673,0.0147,"G2.T3.R2","L2","R2","Fusarium","West-6","Western"
"204","G2.T3.R2_L3",69.2754,3.3521,0.0032,"G2.T3.R2","L3","R2","Fusarium","West-6","Western"
"205","G2.T3.R4_L2",75.4091,0.2937,5e-04,"G2.T3.R4","L2","R4","Fusarium","West-6","Western"
"206","G2.T3.R4_L3",84.0708,0.3326,0,"G2.T3.R4","L3","R4","Fusarium","West-6","Western"
"207","G2.T3.R5_L1",73.1082,0.1371,0,"G2.T3.R5","L1","R5","Fusarium","West-6","Western"
"208","G2.T3.R5_L2",64.5186,0.0352,0,"G2.T3.R5","L2","R5","Fusarium","West-6","Western"
"209","G2.T3.R5_L3",67.0286,0.111,0,"G2.T3.R5","L3","R5","Fusarium","West-6","Western"
"210","G2.T4.R2_L1",30.7984,1.5655,0.0084,"G2.T4.R2","L1","R2","Aureobasidium","West-6","Western"
"211","G2.T4.R2_L2",30.5675,1.1965,0.0057,"G2.T4.R2","L2","R2","Aureobasidium","West-6","Western"
"212","G2.T4.R4_L1",50.4078,1.7924,0.0108,"G2.T4.R4","L1","R4","Aureobasidium","West-6","Western"
"213","G2.T4.R4_L2",22.9333,0.338,0.0026,"G2.T4.R4","L2","R4","Aureobasidium","West-6","Western"
"214","G2.T4.R4_L3",44.1473,1.2194,1e-04,"G2.T4.R4","L3","R4","Aureobasidium","West-6","Western"
"215","G2.T4.R5_L2",60.4588,0.0106,0,"G2.T4.R5","L2","R5","Aureobasidium","West-6","Western"
"216","G2.T4.R5_L3",80.5234,0.0408,0,"G2.T4.R5","L3","R5","Aureobasidium","West-6","Western"
"217","G2.T5.R1_L1",38.659,1.5443,0,"G2.T5.R1","L1","R1","Dioszegia","West-6","Western"
"218","G2.T5.R4_L1",42.0829,1.2228,0.0022,"G2.T5.R4","L1","R4","Dioszegia","West-6","Western"
"219","G2.T5.R4_L2",37.4211,0.7778,0.0054,"G2.T5.R4","L2","R4","Dioszegia","West-6","Western"
"220","G2.T5.R5_L1",75.5143,0.4585,0,"G2.T5.R5","L1","R5","Dioszegia","West-6","Western"
"221","G2.T5.R5_L3",92.7007,0.3204,0,"G2.T5.R5","L3","R5","Dioszegia","West-6","Western"
"222","G2.T6.R1_L1",26.0074,2.5113,0.0035,"G2.T6.R1","L1","R1","Control","West-6","Western"
"223","G2.T6.R1_L3",49.6646,3.5184,0.0066,"G2.T6.R1","L3","R1","Control","West-6","Western"
"224","G2.T6.R2_L1",39.0619,3.7218,0.0374,"G2.T6.R2","L1","R2","Control","West-6","Western"
"225","G2.T6.R2_L2",15.6802,0.772,2e-04,"G2.T6.R2","L2","R2","Control","West-6","Western"
"226","G2.T6.R4_L1",54.0267,0.2157,0,"G2.T6.R4","L1","R4","Control","West-6","Western"
"227","G2.T6.R5_L1",74.6506,0.0809,0,"G2.T6.R5","L1","R5","Control","West-6","Western"
"228","G2.T6.R5_L3",72.918,0.2255,0,"G2.T6.R5","L3","R5","Control","West-6","Western"
"229","G3.T1.R2_L1",45.5682,0.3312,0.0062,"G3.T1.R2","L1","R2","Alternaria","West-3","Western"
"230","G3.T1.R3_L1",42.4225,0.1094,0.0046,"G3.T1.R3","L1","R3","Alternaria","West-3","Western"
"231","G3.T1.R3_L3",37.8662,0.233,0.0042,"G3.T1.R3","L3","R3","Alternaria","West-3","Western"
"232","G3.T1.R5_L1",39.3576,0.7331,0.0229,"G3.T1.R5","L1","R5","Alternaria","West-3","Western"
"233","G3.T1.R5_L3",44.4425,0.5372,0.0064,"G3.T1.R5","L3","R5","Alternaria","West-3","Western"
"234","G3.T2.R1_L1",61.3881,0.3545,0.0183,"G3.T2.R1","L1","R1","Cladosporium","West-3","Western"
"235","G3.T2.R1_L2",80.417,0.3737,0.0155,"G3.T2.R1","L2","R1","Cladosporium","West-3","Western"
"236","G3.T2.R1_L3",58.6277,0.2961,0.0086,"G3.T2.R1","L3","R1","Cladosporium","West-3","Western"
"237","G3.T2.R2_L1",57.6436,0.0964,0,"G3.T2.R2","L1","R2","Cladosporium","West-3","Western"
"238","G3.T2.R2_L2",45.4261,0.0924,9e-04,"G3.T2.R2","L2","R2","Cladosporium","West-3","Western"
"239","G3.T2.R2_L3",50.6241,0.176,0.0034,"G3.T2.R2","L3","R2","Cladosporium","West-3","Western"
"240","G3.T2.R3_L2",40.0688,0.5378,0.0385,"G3.T2.R3","L2","R3","Cladosporium","West-3","Western"
"241","G3.T2.R3_L3",44.5536,0.2412,0.0068,"G3.T2.R3","L3","R3","Cladosporium","West-3","Western"
"242","G3.T2.R4_L1",21.8859,0.3589,0.0055,"G3.T2.R4","L1","R4","Cladosporium","West-3","Western"
"243","G3.T2.R5_L1",34.8764,0.3036,0.0085,"G3.T2.R5","L1","R5","Cladosporium","West-3","Western"
"244","G3.T2.R5_L2",45.6486,0.1874,0.0074,"G3.T2.R5","L2","R5","Cladosporium","West-3","Western"
"245","G3.T3.R1_L1",9.6476,0.1155,2e-04,"G3.T3.R1","L1","R1","Fusarium","West-3","Western"
"246","G3.T3.R1_L3",7.6524,0.6907,0.0203,"G3.T3.R1","L3","R1","Fusarium","West-3","Western"
"247","G3.T3.R2_L1",51.5716,0.0164,0,"G3.T3.R2","L1","R2","Fusarium","West-3","Western"
"248","G3.T3.R2_L2",64.2084,0.0843,0,"G3.T3.R2","L2","R2","Fusarium","West-3","Western"
"249","G3.T3.R2_L3",54.6359,0.137,0.0021,"G3.T3.R2","L3","R2","Fusarium","West-3","Western"
"250","G3.T3.R4_L1",47.4262,0.0942,0,"G3.T3.R4","L1","R4","Fusarium","West-3","Western"
"251","G3.T3.R4_L2",64.2244,0.4705,0.0264,"G3.T3.R4","L2","R4","Fusarium","West-3","Western"
"252","G3.T3.R5_L1",45.795,0.0663,0.0017,"G3.T3.R5","L1","R5","Fusarium","West-3","Western"
"253","G3.T3.R5_L3",18.687,0.0443,0,"G3.T3.R5","L3","R5","Fusarium","West-3","Western"
"254","G3.T4.R1_L1",53.8192,1.0495,0.028,"G3.T4.R1","L1","R1","Aureobasidium","West-3","Western"
"255","G3.T4.R1_L2",62.3141,0.476,0.0081,"G3.T4.R1","L2","R1","Aureobasidium","West-3","Western"
"256","G3.T4.R1_L3",62.9023,0.8012,0.0606,"G3.T4.R1","L3","R1","Aureobasidium","West-3","Western"
"257","G3.T4.R2_L1",29.9007,2.3715,0.1589,"G3.T4.R2","L1","R2","Aureobasidium","West-3","Western"
"258","G3.T4.R2_L2",18.9996,1.7888,0.0654,"G3.T4.R2","L2","R2","Aureobasidium","West-3","Western"
"259","G3.T4.R2_L3",14.2159,0.2593,0.0084,"G3.T4.R2","L3","R2","Aureobasidium","West-3","Western"
"260","G3.T4.R3_L1",32.9742,0.1079,0.0038,"G3.T4.R3","L1","R3","Aureobasidium","West-3","Western"
"261","G3.T4.R3_L2",45.9153,0.1041,0.0014,"G3.T4.R3","L2","R3","Aureobasidium","West-3","Western"
"262","G3.T4.R4_L1",41.7244,0.2507,8e-04,"G3.T4.R4","L1","R4","Aureobasidium","West-3","Western"
"263","G3.T4.R4_L2",49.8937,0.574,0.0467,"G3.T4.R4","L2","R4","Aureobasidium","West-3","Western"
"264","G3.T4.R5_L1",42.2726,0.1352,0.0011,"G3.T4.R5","L1","R5","Aureobasidium","West-3","Western"
"265","G3.T4.R5_L2",23.0585,0.0894,2e-04,"G3.T4.R5","L2","R5","Aureobasidium","West-3","Western"
"266","G3.T4.R5_L3",34.8317,0.2559,0.0068,"G3.T4.R5","L3","R5","Aureobasidium","West-3","Western"
"267","G3.T5.R1_L1",40.4057,0.7235,0.0416,"G3.T5.R1","L1","R1","Dioszegia","West-3","Western"
"268","G3.T5.R1_L2",33.0539,1.2959,0.0809,"G3.T5.R1","L2","R1","Dioszegia","West-3","Western"
"269","G3.T5.R2_L1",56.6229,0.3827,0.008,"G3.T5.R2","L1","R2","Dioszegia","West-3","Western"
"270","G3.T5.R2_L2",63.6001,0.1655,0.0013,"G3.T5.R2","L2","R2","Dioszegia","West-3","Western"
"271","G3.T5.R3_L1",56.7653,0.4355,0.008,"G3.T5.R3","L1","R3","Dioszegia","West-3","Western"
"272","G3.T5.R3_L2",58.5523,1.9281,0.0869,"G3.T5.R3","L2","R3","Dioszegia","West-3","Western"
"273","G3.T5.R3_L3",51.7351,0.3978,0.0098,"G3.T5.R3","L3","R3","Dioszegia","West-3","Western"
"274","G3.T5.R4_L1",18.6019,0.3884,0.0227,"G3.T5.R4","L1","R4","Dioszegia","West-3","Western"
"275","G3.T5.R4_L2",31.9865,0.3096,0.026,"G3.T5.R4","L2","R4","Dioszegia","West-3","Western"
"276","G3.T5.R4_L3",32.5318,0.1684,0.0018,"G3.T5.R4","L3","R4","Dioszegia","West-3","Western"
"277","G3.T5.R5_L2",52.666,0.0708,0,"G3.T5.R5","L2","R5","Dioszegia","West-3","Western"
"278","G3.T5.R5_L3",42.1198,0.0727,1e-04,"G3.T5.R5","L3","R5","Dioszegia","West-3","Western"
"279","G3.T6.R2_L1",52.2733,0.6758,0.0276,"G3.T6.R2","L1","R2","Control","West-3","Western"
"280","G3.T6.R2_L2",79.371,0.4497,0.0223,"G3.T6.R2","L2","R2","Control","West-3","Western"
"281","G3.T6.R2_L3",41.0711,3.2369,0.2365,"G3.T6.R2","L3","R2","Control","West-3","Western"
"282","G3.T6.R3_L1",37.491,0.9625,0.0192,"G3.T6.R3","L1","R3","Control","West-3","Western"
"283","G3.T6.R3_L2",21.9613,0.6038,0.0394,"G3.T6.R3","L2","R3","Control","West-3","Western"
"284","G3.T6.R3_L3",26.4076,0.9988,0.082,"G3.T6.R3","L3","R3","Control","West-3","Western"
"285","G3.T6.R4_L1",57.4527,1.2022,0.1088,"G3.T6.R4","L1","R4","Control","West-3","Western"
"286","G3.T6.R4_L2",56.5006,1.2879,0.1256,"G3.T6.R4","L2","R4","Control","West-3","Western"
"287","G3.T6.R5_L1",64.2656,0.0876,0,"G3.T6.R5","L1","R5","Control","West-3","Western"
"288","G3.T6.R5_L2",56.3339,0.1048,0.0014,"G3.T6.R5","L2","R5","Control","West-3","Western"
"289","G3.T6.R5_L3",55.8817,0.112,0,"G3.T6.R5","L3","R5","Control","West-3","Western"
"290","G4.T1.R1_L1",27.3347,0.2858,0.0035,"G4.T1.R1","L1","R1","Alternaria","West-4","Western"
"291","G4.T1.R2_L1",25.8145,1.5544,0.1069,"G4.T1.R2","L1","R2","Alternaria","West-4","Western"
"292","G4.T1.R2_L2",16.4997,1.1388,0.0203,"G4.T1.R2","L2","R2","Alternaria","West-4","Western"
"293","G4.T1.R2_L3",25.295,2.7346,0.0773,"G4.T1.R2","L3","R2","Alternaria","West-4","Western"
"294","G4.T1.R3_L1",27.6078,0.6619,0.0143,"G4.T1.R3","L1","R3","Alternaria","West-4","Western"
"295","G4.T1.R4_L1",35.2086,0.2954,0.001,"G4.T1.R4","L1","R4","Alternaria","West-4","Western"
"296","G4.T1.R4_L2",19.7687,0.5053,0.0074,"G4.T1.R4","L2","R4","Alternaria","West-4","Western"
"297","G4.T1.R4_L3",20.071,0.088,8e-04,"G4.T1.R4","L3","R4","Alternaria","West-4","Western"
"298","G4.T1.R5_L2",17.6783,0.1143,8e-04,"G4.T1.R5","L2","R5","Alternaria","West-4","Western"
"299","G4.T1.R5_L3",11.3916,1.1182,0.0771,"G4.T1.R5","L3","R5","Alternaria","West-4","Western"
"300","G4.T2.R1_L1",27.4248,0.1347,1e-04,"G4.T2.R1","L1","R1","Cladosporium","West-4","Western"
"301","G4.T2.R2_L1",49.9736,0.5732,7e-04,"G4.T2.R2","L1","R2","Cladosporium","West-4","Western"
"302","G4.T2.R2_L2",46.0517,0.3737,0.0036,"G4.T2.R2","L2","R2","Cladosporium","West-4","Western"
"303","G4.T2.R3_L1",12.0599,0.4481,0.0269,"G4.T2.R3","L1","R3","Cladosporium","West-4","Western"
"304","G4.T2.R4_L1",35.228,0.4366,0.0166,"G4.T2.R4","L1","R4","Cladosporium","West-4","Western"
"305","G4.T2.R4_L2",29.7639,0.4811,0.0076,"G4.T2.R4","L2","R4","Cladosporium","West-4","Western"
"306","G4.T2.R4_L3",25.2877,0.5336,0.0121,"G4.T2.R4","L3","R4","Cladosporium","West-4","Western"
"307","G4.T2.R5_L1",12.3508,0.4201,0.027,"G4.T2.R5","L1","R5","Cladosporium","West-4","Western"
"308","G4.T2.R5_L2",12.4954,0.4628,0.0257,"G4.T2.R5","L2","R5","Cladosporium","West-4","Western"
"309","G4.T2.R5_L3",12.6342,1.9682,0.358,"G4.T2.R5","L3","R5","Cladosporium","West-4","Western"
"310","G4.T3.R1_L1",44.5074,0.1834,6e-04,"G4.T3.R1","L1","R1","Fusarium","West-4","Western"
"311","G4.T3.R2_L1",19.7027,0.7509,0.0201,"G4.T3.R2","L1","R2","Fusarium","West-4","Western"
"312","G4.T3.R3_L1",40.9915,1.1464,0.0289,"G4.T3.R3","L1","R3","Fusarium","West-4","Western"
"313","G4.T3.R3_L3",34.9332,0.2908,0.003,"G4.T3.R3","L3","R3","Fusarium","West-4","Western"
"314","G4.T3.R4_L1",13.7453,0.465,0.0026,"G4.T3.R4","L1","R4","Fusarium","West-4","Western"
"315","G4.T3.R4_L2",20.4957,0.4642,1e-04,"G4.T3.R4","L2","R4","Fusarium","West-4","Western"
"316","G4.T3.R4_L3",13.987,0.774,0.0275,"G4.T3.R4","L3","R4","Fusarium","West-4","Western"
"317","G4.T3.R5_L1",30.466,0.3156,0.0028,"G4.T3.R5","L1","R5","Fusarium","West-4","Western"
"318","G4.T3.R5_L2",25.5496,0.6262,0.0111,"G4.T3.R5","L2","R5","Fusarium","West-4","Western"
"319","G4.T3.R5_L3",15.7055,0.0949,2e-04,"G4.T3.R5","L3","R5","Fusarium","West-4","Western"
"320","G4.T4.R1_L1",33.6949,1.647,0.0386,"G4.T4.R1","L1","R1","Aureobasidium","West-4","Western"
"321","G4.T4.R1_L2",23.2801,1.566,0.08,"G4.T4.R1","L2","R1","Aureobasidium","West-4","Western"
"322","G4.T4.R3_L1",23.5316,0.1151,0.0035,"G4.T4.R3","L1","R3","Aureobasidium","West-4","Western"
"323","G4.T4.R3_L3",30.5193,0.0391,0,"G4.T4.R3","L3","R3","Aureobasidium","West-4","Western"
"324","G4.T4.R4_L2",43.6147,0.3941,0.002,"G4.T4.R4","L2","R4","Aureobasidium","West-4","Western"
"325","G4.T4.R4_L3",43.513,0.2462,0.0033,"G4.T4.R4","L3","R4","Aureobasidium","West-4","Western"
"326","G4.T4.R5_L1",16.8422,1.0513,0.0791,"G4.T4.R5","L1","R5","Aureobasidium","West-4","Western"
"327","G4.T4.R5_L2",15.2181,0.6985,0.0217,"G4.T4.R5","L2","R5","Aureobasidium","West-4","Western"
"328","G4.T5.R1_L1",26.4284,0.8592,0.0081,"G4.T5.R1","L1","R1","Dioszegia","West-4","Western"
"329","G4.T5.R2_L1",35.9722,0.3655,4e-04,"G4.T5.R2","L1","R2","Dioszegia","West-4","Western"
"330","G4.T5.R2_L2",42.6925,0.1232,0,"G4.T5.R2","L2","R2","Dioszegia","West-4","Western"
"331","G4.T5.R3_L1",50.3662,0.7164,0.0114,"G4.T5.R3","L1","R3","Dioszegia","West-4","Western"
"332","G4.T5.R3_L2",60.8943,1.1952,0.0281,"G4.T5.R3","L2","R3","Dioszegia","West-4","Western"
"333","G4.T5.R3_L3",44.4774,0.5346,0.002,"G4.T5.R3","L3","R3","Dioszegia","West-4","Western"
"334","G4.T5.R4_L1",29.9231,0.7562,0.001,"G4.T5.R4","L1","R4","Dioszegia","West-4","Western"
"335","G4.T5.R5_L1",7.9621,0.829,0.1019,"G4.T5.R5","L1","R5","Dioszegia","West-4","Western"
"336","G4.T5.R5_L2",13.079,2e-04,0,"G4.T5.R5","L2","R5","Dioszegia","West-4","Western"
"337","G4.T5.R5_L3",8.6028,0.8296,0.1155,"G4.T5.R5","L3","R5","Dioszegia","West-4","Western"
"338","G4.T6.R1_L1",73.863,0.0634,1e-04,"G4.T6.R1","L1","R1","Control","West-4","Western"
"339","G4.T6.R1_L2",63.4186,0.9639,0.0243,"G4.T6.R1","L2","R1","Control","West-4","Western"
"340","G4.T6.R1_L3",34.7949,0.1378,0.0027,"G4.T6.R1","L3","R1","Control","West-4","Western"
"341","G4.T6.R2_L1",60.5207,0.2372,0.0043,"G4.T6.R2","L1","R2","Control","West-4","Western"
"342","G4.T6.R2_L2",43.8141,0.9348,0.012,"G4.T6.R2","L2","R2","Control","West-4","Western"
"343","G4.T6.R2_L3",44.0151,0.3492,0.0045,"G4.T6.R2","L3","R2","Control","West-4","Western"
"344","G4.T6.R3_L1",18.6886,1.9233,0.1145,"G4.T6.R3","L1","R3","Control","West-4","Western"
"345","G4.T6.R3_L2",21.9918,3.7025,0.4089,"G4.T6.R3","L2","R3","Control","West-4","Western"
"346","G4.T6.R3_L3",11.8384,2.3336,0.2213,"G4.T6.R3","L3","R3","Control","West-4","Western"
"347","G4.T6.R4_L1",25.0574,1.1244,0.0015,"G4.T6.R4","L1","R4","Control","West-4","Western"
"348","G4.T6.R4_L2",27.0937,1.4265,0.0366,"G4.T6.R4","L2","R4","Control","West-4","Western"
"349","G4.T6.R4_L3",15.0885,0.983,0.0143,"G4.T6.R4","L3","R4","Control","West-4","Western"
"350","G4.T6.R5_L1",19.7358,0.5935,0.0118,"G4.T6.R5","L1","R5","Control","West-4","Western"
"351","G4.T6.R5_L2",14.0966,1.0499,0.0484,"G4.T6.R5","L2","R5","Control","West-4","Western"
"352","G5.T1.R1_L1",24.3043,4.2401,0.4776,"G5.T1.R1","L1","R1","Alternaria","East-3","Eastern"
"353","G5.T1.R1_L2",20.1184,5.9011,0.6626,"G5.T1.R1","L2","R1","Alternaria","East-3","Eastern"
"354","G5.T1.R1_L3",15.2158,1.7664,0.2148,"G5.T1.R1","L3","R1","Alternaria","East-3","Eastern"
"355","G5.T1.R2_L1",12.3685,2.4977,0.1867,"G5.T1.R2","L1","R2","Alternaria","East-3","Eastern"
"356","G5.T1.R2_L2",12.1862,3.6058,0.9575,"G5.T1.R2","L2","R2","Alternaria","East-3","Eastern"
"357","G5.T1.R2_L3",13.9552,2.8033,0.4959,"G5.T1.R2","L3","R2","Alternaria","East-3","Eastern"
"358","G5.T1.R3_L2",16.4674,1.1053,0.11,"G5.T1.R3","L2","R3","Alternaria","East-3","Eastern"
"359","G5.T1.R3_L3",15.8676,1.9328,0.3441,"G5.T1.R3","L3","R3","Alternaria","East-3","Eastern"
"360","G5.T1.R4_L1",38.1861,1.3558,0.0416,"G5.T1.R4","L1","R4","Alternaria","East-3","Eastern"
"361","G5.T2.R1_L1",30.7622,4.0902,0.4971,"G5.T2.R1","L1","R1","Cladosporium","East-3","Eastern"
"362","G5.T2.R1_L2",46.6403,8.9865,1.8919,"G5.T2.R1","L2","R1","Cladosporium","East-3","Eastern"
"363","G5.T2.R1_L3",46.7639,6.1843,0.7131,"G5.T2.R1","L3","R1","Cladosporium","East-3","Eastern"
"364","G5.T2.R2_L1",8.619,1.4762,0.1555,"G5.T2.R2","L1","R2","Cladosporium","East-3","Eastern"
"365","G5.T2.R2_L2",8.9018,0.7701,0.0254,"G5.T2.R2","L2","R2","Cladosporium","East-3","Eastern"
"366","G5.T2.R2_L3",9.735,1.4214,0.144,"G5.T2.R2","L3","R2","Cladosporium","East-3","Eastern"
"367","G5.T2.R3_L1",33.393,1.7553,0.1109,"G5.T2.R3","L1","R3","Cladosporium","East-3","Eastern"
"368","G5.T2.R3_L2",27.5605,0.6397,0.0338,"G5.T2.R3","L2","R3","Cladosporium","East-3","Eastern"
"369","G5.T2.R4_L2",12.5716,3.137,0.9312,"G5.T2.R4","L2","R4","Cladosporium","East-3","Eastern"
"370","G5.T3.R1_L1",24.0419,0.9289,0.0979,"G5.T3.R1","L1","R1","Fusarium","East-3","Eastern"
"371","G5.T3.R1_L3",21.1967,1.0513,0.0496,"G5.T3.R1","L3","R1","Fusarium","East-3","Eastern"
"372","G5.T3.R2_L1",20.7764,3.9017,0.3465,"G5.T3.R2","L1","R2","Fusarium","East-3","Eastern"
"373","G5.T3.R2_L2",14.5122,1.2576,0.0625,"G5.T3.R2","L2","R2","Fusarium","East-3","Eastern"
"374","G5.T3.R3_L2",20.0739,5.1095,0.8868,"G5.T3.R3","L2","R3","Fusarium","East-3","Eastern"
"375","G5.T3.R4_L1",28.2023,1.5668,0.27,"G5.T3.R4","L1","R4","Fusarium","East-3","Eastern"
"376","G5.T3.R4_L2",36.6549,9.3495,2.2804,"G5.T3.R4","L2","R4","Fusarium","East-3","Eastern"
"377","G5.T3.R4_L3",24.2219,2.5106,0.1015,"G5.T3.R4","L3","R4","Fusarium","East-3","Eastern"
"378","G5.T4.R2_L1",17.475,4.7675,0.8697,"G5.T4.R2","L1","R2","Aureobasidium","East-3","Eastern"
"379","G5.T4.R2_L2",24.7033,6.0179,1.596,"G5.T4.R2","L2","R2","Aureobasidium","East-3","Eastern"
"380","G5.T4.R2_L3",24.8727,3.8181,0.6535,"G5.T4.R2","L3","R2","Aureobasidium","East-3","Eastern"
"381","G5.T4.R3_L2",13.9002,0.8578,0.1289,"G5.T4.R3","L2","R3","Aureobasidium","East-3","Eastern"
"382","G5.T4.R3_L3",23.0055,1.7013,0.1413,"G5.T4.R3","L3","R3","Aureobasidium","East-3","Eastern"
"383","G5.T4.R4_L3",30.381,2.2174,0.2912,"G5.T4.R4","L3","R4","Aureobasidium","East-3","Eastern"
"384","G5.T5.R3_L2",14.7265,0.7487,0.0751,"G5.T5.R3","L2","R3","Dioszegia","East-3","Eastern"
"385","G5.T5.R3_L3",22.3783,2.2408,0.0815,"G5.T5.R3","L3","R3","Dioszegia","East-3","Eastern"
"386","G5.T5.R4_L1",26.2165,2.888,0.3797,"G5.T5.R4","L1","R4","Dioszegia","East-3","Eastern"
"387","G5.T5.R4_L2",28.5365,2.5898,0.2116,"G5.T5.R4","L2","R4","Dioszegia","East-3","Eastern"
"388","G5.T5.R4_L3",27.6915,2.693,0.2129,"G5.T5.R4","L3","R4","Dioszegia","East-3","Eastern"
"389","G5.T6.R1_L2",14.8094,1.8393,0.112,"G5.T6.R1","L2","R1","Control","East-3","Eastern"
"390","G5.T6.R2_L1",26.3711,5.8076,1.076,"G5.T6.R2","L1","R2","Control","East-3","Eastern"
"391","G5.T6.R2_L2",29.452,6.5685,1.7447,"G5.T6.R2","L2","R2","Control","East-3","Eastern"
"392","G5.T6.R2_L3",52.0698,12.5083,2.4034,"G5.T6.R2","L3","R2","Control","East-3","Eastern"
"393","G5.T6.R3_L1",11.1699,3.5925,0.6861,"G5.T6.R3","L1","R3","Control","East-3","Eastern"
"394","G5.T6.R3_L2",19.7158,2.3617,0.1716,"G5.T6.R3","L2","R3","Control","East-3","Eastern"
"395","G5.T6.R3_L3",18.3036,2.6305,0.5057,"G5.T6.R3","L3","R3","Control","East-3","Eastern"
"396","G5.T6.R4_L1",38.471,1.3442,0.1116,"G5.T6.R4","L1","R4","Control","East-3","Eastern"
"397","G5.T6.R4_L2",46.1738,7.177,1.1771,"G5.T6.R4","L2","R4","Control","East-3","Eastern"
"398","G5.T6.R4_L3",43.0011,5.3402,0.8226,"G5.T6.R4","L3","R4","Control","East-3","Eastern"
"399","G6.T1.R1_L2",39.6159,0.4209,0.0063,"G6.T1.R1","L2","R1","Alternaria","West-2","Western"
"400","G6.T1.R1_L3",35.1198,0.1064,0,"G6.T1.R1","L3","R1","Alternaria","West-2","Western"
"401","G6.T1.R2_L1",66.9742,0.322,0.001,"G6.T1.R2","L1","R2","Alternaria","West-2","Western"
"402","G6.T1.R2_L2",49.2877,0.0575,0,"G6.T1.R2","L2","R2","Alternaria","West-2","Western"
"403","G6.T1.R2_L3",60.7143,0.7487,0.0012,"G6.T1.R2","L3","R2","Alternaria","West-2","Western"
"404","G6.T1.R3_L1",13.8092,0.0883,0.0028,"G6.T1.R3","L1","R3","Alternaria","West-2","Western"
"405","G6.T1.R3_L3",20.6238,0.3649,0.0234,"G6.T1.R3","L3","R3","Alternaria","West-2","Western"
"406","G6.T1.R4_L1",79.6871,0.0208,0,"G6.T1.R4","L1","R4","Alternaria","West-2","Western"
"407","G6.T1.R4_L2",73.932,0.0429,0,"G6.T1.R4","L2","R4","Alternaria","West-2","Western"
"408","G6.T1.R4_L3",69.1267,0.0702,0,"G6.T1.R4","L3","R4","Alternaria","West-2","Western"
"409","G6.T1.R5_L1",22.7475,0.1235,0.004,"G6.T1.R5","L1","R5","Alternaria","West-2","Western"
"410","G6.T1.R5_L2",15.4213,0.6278,0.0269,"G6.T1.R5","L2","R5","Alternaria","West-2","Western"
"411","G6.T2.R1_L1",22.1191,0.105,0.0034,"G6.T2.R1","L1","R1","Cladosporium","West-2","Western"
"412","G6.T2.R1_L2",19.4166,0.3305,0.0033,"G6.T2.R1","L2","R1","Cladosporium","West-2","Western"
"413","G6.T2.R1_L3",19.3678,0.0781,0.0013,"G6.T2.R1","L3","R1","Cladosporium","West-2","Western"
"414","G6.T2.R2_L1",38.9151,0.2912,0,"G6.T2.R2","L1","R2","Cladosporium","West-2","Western"
"415","G6.T2.R2_L2",48.902,1.1803,0.0195,"G6.T2.R2","L2","R2","Cladosporium","West-2","Western"
"416","G6.T2.R2_L3",38.2872,0.1392,2e-04,"G6.T2.R2","L3","R2","Cladosporium","West-2","Western"
"417","G6.T2.R3_L2",32.5124,0.0731,0,"G6.T2.R3","L2","R3","Cladosporium","West-2","Western"
"418","G6.T2.R3_L3",39.5111,0.0193,0,"G6.T2.R3","L3","R3","Cladosporium","West-2","Western"
"419","G6.T2.R4_L2",35.8284,0.027,0,"G6.T2.R4","L2","R4","Cladosporium","West-2","Western"
"420","G6.T3.R1_L1",66.2825,0.0465,0,"G6.T3.R1","L1","R1","Fusarium","West-2","Western"
"421","G6.T3.R1_L2",62.7333,0.0488,0,"G6.T3.R1","L2","R1","Fusarium","West-2","Western"
"422","G6.T3.R1_L3",80.0419,0.1104,0,"G6.T3.R1","L3","R1","Fusarium","West-2","Western"
"423","G6.T3.R2_L1",64.7024,0.0157,0,"G6.T3.R2","L1","R2","Fusarium","West-2","Western"
"424","G6.T3.R2_L2",64.4572,0.024,0,"G6.T3.R2","L2","R2","Fusarium","West-2","Western"
"425","G6.T3.R4_L1",72.3671,0.0961,0,"G6.T3.R4","L1","R4","Fusarium","West-2","Western"
"426","G6.T3.R4_L2",66.0815,0.191,5e-04,"G6.T3.R4","L2","R4","Fusarium","West-2","Western"
"427","G6.T3.R5_L1",28.4179,0.1201,0,"G6.T3.R5","L1","R5","Fusarium","West-2","Western"
"428","G6.T3.R5_L2",20.4943,0.0084,0,"G6.T3.R5","L2","R5","Fusarium","West-2","Western"
"429","G6.T3.R5_L3",19.2822,0.1416,9e-04,"G6.T3.R5","L3","R5","Fusarium","West-2","Western"
"430","G6.T4.R1_L1",75.7637,0.1288,0,"G6.T4.R1","L1","R1","Aureobasidium","West-2","Western"
"431","G6.T4.R1_L3",96.1198,0.0731,0,"G6.T4.R1","L3","R1","Aureobasidium","West-2","Western"
"432","G6.T4.R2_L2",84.137,0.7222,0.0012,"G6.T4.R2","L2","R2","Aureobasidium","West-2","Western"
"433","G6.T4.R2_L3",51.3652,0.2043,0,"G6.T4.R2","L3","R2","Aureobasidium","West-2","Western"
"434","G6.T4.R3_L1",55.4686,0.1311,9e-04,"G6.T4.R3","L1","R3","Aureobasidium","West-2","Western"
"435","G6.T4.R3_L2",81.3318,0.3341,0.0015,"G6.T4.R3","L2","R3","Aureobasidium","West-2","Western"
"436","G6.T4.R3_L3",70.5087,0.6417,5e-04,"G6.T4.R3","L3","R3","Aureobasidium","West-2","Western"
"437","G6.T4.R4_L2",61.6962,0.6161,0.0012,"G6.T4.R4","L2","R4","Aureobasidium","West-2","Western"
"438","G6.T4.R4_L3",60.3024,0.3846,0.0021,"G6.T4.R4","L3","R4","Aureobasidium","West-2","Western"
"439","G6.T4.R5_L1",53.9926,0.0801,0,"G6.T4.R5","L1","R5","Aureobasidium","West-2","Western"
"440","G6.T4.R5_L2",41.3494,0.0645,0,"G6.T4.R5","L2","R5","Aureobasidium","West-2","Western"
"441","G6.T4.R5_L3",48.0486,0.0386,0,"G6.T4.R5","L3","R5","Aureobasidium","West-2","Western"
"442","G6.T5.R1_L1",43.6479,0.6294,0.0025,"G6.T5.R1","L1","R1","Dioszegia","West-2","Western"
"443","G6.T5.R2_L2",65.9703,0.0251,0,"G6.T5.R2","L2","R2","Dioszegia","West-2","Western"
"444","G6.T5.R2_L3",59.9423,0.0483,0,"G6.T5.R2","L3","R2","Dioszegia","West-2","Western"
"445","G6.T5.R3_L1",72.5516,0.1137,0,"G6.T5.R3","L1","R3","Dioszegia","West-2","Western"
"446","G6.T5.R3_L2",79.0057,0.0494,0,"G6.T5.R3","L2","R3","Dioszegia","West-2","Western"
"447","G6.T5.R3_L3",77.9376,0.356,1e-04,"G6.T5.R3","L3","R3","Dioszegia","West-2","Western"
"448","G6.T5.R4_L1",61.0987,0.0189,0,"G6.T5.R4","L1","R4","Dioszegia","West-2","Western"
"449","G6.T5.R4_L2",74.143,0.1203,5e-04,"G6.T5.R4","L2","R4","Dioszegia","West-2","Western"
"450","G6.T5.R4_L3",63.701,0.2699,0,"G6.T5.R4","L3","R4","Dioszegia","West-2","Western"
"451","G6.T5.R5_L1",12.186,0.0786,0.0031,"G6.T5.R5","L1","R5","Dioszegia","West-2","Western"
"452","G6.T5.R5_L2",7.995,0.1559,0.0012,"G6.T5.R5","L2","R5","Dioszegia","West-2","Western"
"453","G6.T5.R5_L3",9.3219,0.0245,0,"G6.T5.R5","L3","R5","Dioszegia","West-2","Western"
"454","G6.T6.R1_L1",71.6061,0.1642,0,"G6.T6.R1","L1","R1","Control","West-2","Western"
"455","G6.T6.R2_L1",62.9407,0.1534,0,"G6.T6.R2","L1","R2","Control","West-2","Western"
"456","G6.T6.R2_L2",50.0327,0.4803,0.0073,"G6.T6.R2","L2","R2","Control","West-2","Western"
"457","G6.T6.R2_L3",48.1911,1.3857,0.021,"G6.T6.R2","L3","R2","Control","West-2","Western"
"458","G6.T6.R3_L1",23.1959,0.5605,0.0031,"G6.T6.R3","L1","R3","Control","West-2","Western"
"459","G6.T6.R3_L2",22.7472,0.0708,0,"G6.T6.R3","L2","R3","Control","West-2","Western"
"460","G6.T6.R4_L1",68.5065,0.2626,0,"G6.T6.R4","L1","R4","Control","West-2","Western"
"461","G6.T6.R4_L3",49.6474,0.2293,1e-04,"G6.T6.R4","L3","R4","Control","West-2","Western"
"462","G6.T6.R5_L1",49.7812,0.0308,0,"G6.T6.R5","L1","R5","Control","West-2","Western"
"463","G6.T6.R5_L2",51.7356,0.0048,0,"G6.T6.R5","L2","R5","Control","West-2","Western"
"464","G7.T1.R1_L1",28.8887,0.5245,0,"G7.T1.R1","L1","R1","Alternaria","West-1","Western"
"465","G7.T1.R1_L2",45.5021,0.3785,0,"G7.T1.R1","L2","R1","Alternaria","West-1","Western"
"466","G7.T1.R1_L3",37.3047,0.2952,0,"G7.T1.R1","L3","R1","Alternaria","West-1","Western"
"467","G7.T1.R2_L2",39.8967,0.6632,0,"G7.T1.R2","L2","R2","Alternaria","West-1","Western"
"468","G7.T1.R3_L2",46.4817,0.4434,0,"G7.T1.R3","L2","R3","Alternaria","West-1","Western"
"469","G7.T1.R3_L3",47.026,0.2021,0,"G7.T1.R3","L3","R3","Alternaria","West-1","Western"
"470","G7.T1.R4_L1",30.833,0.1022,0,"G7.T1.R4","L1","R4","Alternaria","West-1","Western"
"471","G7.T1.R4_L2",40.8045,2.4363,0.0011,"G7.T1.R4","L2","R4","Alternaria","West-1","Western"
"472","G7.T1.R5_L1",41.3674,0.1742,0,"G7.T1.R5","L1","R5","Alternaria","West-1","Western"
"473","G7.T1.R5_L2",17.6693,0.0936,0,"G7.T1.R5","L2","R5","Alternaria","West-1","Western"
"474","G7.T1.R5_L3",27.0239,0.2916,0,"G7.T1.R5","L3","R5","Alternaria","West-1","Western"
"475","G7.T2.R1_L2",25.9329,0.1502,0,"G7.T2.R1","L2","R1","Cladosporium","West-1","Western"
"476","G7.T2.R1_L3",18.4567,0.1163,0,"G7.T2.R1","L3","R1","Cladosporium","West-1","Western"
"477","G7.T2.R2_L1",83.4325,0.6951,0,"G7.T2.R2","L1","R2","Cladosporium","West-1","Western"
"478","G7.T2.R2_L2",50.8846,0.1636,0,"G7.T2.R2","L2","R2","Cladosporium","West-1","Western"
"479","G7.T2.R2_L3",51.8801,1.1439,0,"G7.T2.R2","L3","R2","Cladosporium","West-1","Western"
"480","G7.T2.R4_L1",25.4527,1.0923,0.0011,"G7.T2.R4","L1","R4","Cladosporium","West-1","Western"
"481","G7.T2.R4_L2",19.9934,0.7106,5e-04,"G7.T2.R4","L2","R4","Cladosporium","West-1","Western"
"482","G7.T2.R4_L3",17.1925,0.1852,0.0015,"G7.T2.R4","L3","R4","Cladosporium","West-1","Western"
"483","G7.T2.R5_L1",33.6347,0.6222,0,"G7.T2.R5","L1","R5","Cladosporium","West-1","Western"
"484","G7.T2.R5_L3",25.6317,0.6402,0,"G7.T2.R5","L3","R5","Cladosporium","West-1","Western"
"485","G7.T3.R1_L1",35.0083,0.6173,0,"G7.T3.R1","L1","R1","Fusarium","West-1","Western"
"486","G7.T3.R2_L1",69.3554,0.5458,0,"G7.T3.R2","L1","R2","Fusarium","West-1","Western"
"487","G7.T3.R2_L2",49.3454,0.6504,0,"G7.T3.R2","L2","R2","Fusarium","West-1","Western"
"488","G7.T3.R2_L3",63.8084,1.0637,0,"G7.T3.R2","L3","R2","Fusarium","West-1","Western"
"489","G7.T3.R3_L1",60.7328,0.0447,0,"G7.T3.R3","L1","R3","Fusarium","West-1","Western"
"490","G7.T3.R3_L2",47.1206,0.068,0,"G7.T3.R3","L2","R3","Fusarium","West-1","Western"
"491","G7.T3.R3_L3",48.8607,0.3979,0,"G7.T3.R3","L3","R3","Fusarium","West-1","Western"
"492","G7.T3.R4_L1",40.525,0.9053,0,"G7.T3.R4","L1","R4","Fusarium","West-1","Western"
"493","G7.T3.R4_L2",53.4038,2.1411,0.0018,"G7.T3.R4","L2","R4","Fusarium","West-1","Western"
"494","G7.T3.R5_L2",51.3133,1.1043,1e-04,"G7.T3.R5","L2","R5","Fusarium","West-1","Western"
"495","G7.T3.R5_L3",30.0198,0.6983,0,"G7.T3.R5","L3","R5","Fusarium","West-1","Western"
"496","G7.T4.R3_L1",31.8585,0.0561,0,"G7.T4.R3","L1","R3","Aureobasidium","West-1","Western"
"497","G7.T4.R3_L2",53.3341,0.7426,4e-04,"G7.T4.R3","L2","R3","Aureobasidium","West-1","Western"
"498","G7.T4.R3_L3",26.1755,0.2785,0,"G7.T4.R3","L3","R3","Aureobasidium","West-1","Western"
"499","G7.T4.R4_L1",50.7951,0.9531,0,"G7.T4.R4","L1","R4","Aureobasidium","West-1","Western"
"500","G7.T4.R4_L2",43.2442,1.0083,3e-04,"G7.T4.R4","L2","R4","Aureobasidium","West-1","Western"
"501","G7.T4.R4_L3",69.519,1.8581,1e-04,"G7.T4.R4","L3","R4","Aureobasidium","West-1","Western"
"502","G7.T5.R1_L1",22.2,0.5516,0,"G7.T5.R1","L1","R1","Dioszegia","West-1","Western"
"503","G7.T5.R1_L2",58.4236,3.3493,3e-04,"G7.T5.R1","L2","R1","Dioszegia","West-1","Western"
"504","G7.T5.R2_L1",38.4936,0.0142,0,"G7.T5.R2","L1","R2","Dioszegia","West-1","Western"
"505","G7.T5.R2_L2",30.7399,0.037,0,"G7.T5.R2","L2","R2","Dioszegia","West-1","Western"
"506","G7.T5.R2_L3",22.1374,0.1733,0,"G7.T5.R2","L3","R2","Dioszegia","West-1","Western"
"507","G7.T5.R4_L1",47.251,0.4871,0,"G7.T5.R4","L1","R4","Dioszegia","West-1","Western"
"508","G7.T5.R4_L2",34.6718,0.5386,0,"G7.T5.R4","L2","R4","Dioszegia","West-1","Western"
"509","G7.T5.R4_L3",52.0938,4.8821,0.0415,"G7.T5.R4","L3","R4","Dioszegia","West-1","Western"
"510","G7.T5.R5_L1",34.2475,0.0836,0,"G7.T5.R5","L1","R5","Dioszegia","West-1","Western"
"511","G7.T5.R5_L2",14.6888,0.1375,0,"G7.T5.R5","L2","R5","Dioszegia","West-1","Western"
"512","G7.T6.R2_L1",38.413,0.4001,0,"G7.T6.R2","L1","R2","Control","West-1","Western"
"513","G7.T6.R2_L2",33.7185,0.908,6e-04,"G7.T6.R2","L2","R2","Control","West-1","Western"
"514","G7.T6.R3_L3",61.707,0.6263,0,"G7.T6.R3","L3","R3","Control","West-1","Western"
"515","G7.T6.R4_L1",30.5956,1.931,0,"G7.T6.R4","L1","R4","Control","West-1","Western"
"516","G7.T6.R4_L2",20.5939,1.5047,5e-04,"G7.T6.R4","L2","R4","Control","West-1","Western"
"517","G7.T6.R5_L1",46.8952,0.7009,0,"G7.T6.R5","L1","R5","Control","West-1","Western"
"518","G7.T6.R5_L3",45.9088,0.5931,0,"G7.T6.R5","L3","R5","Control","West-1","Western"
"519","G8.T1.R1_L1",55.1325,4.2069,0.1992,"G8.T1.R1","L1","R1","Alternaria","East-4","Eastern"
"520","G8.T1.R2_L3",24.8161,8.619,2.9176,"G8.T1.R2","L3","R2","Alternaria","East-4","Eastern"
"521","G8.T1.R3_L1",9.7218,0.8666,6e-04,"G8.T1.R3","L1","R3","Alternaria","East-4","Eastern"
"522","G8.T1.R3_L2",11.1389,0.4732,0.0022,"G8.T1.R3","L2","R3","Alternaria","East-4","Eastern"
"523","G8.T1.R3_L3",14.565,1.7372,0.1202,"G8.T1.R3","L3","R3","Alternaria","East-4","Eastern"
"524","G8.T1.R4_L1",17.2374,2.3418,0.2337,"G8.T1.R4","L1","R4","Alternaria","East-4","Eastern"
"525","G8.T1.R4_L3",22.4166,2.4473,0.2284,"G8.T1.R4","L3","R4","Alternaria","East-4","Eastern"
"526","G8.T1.R5_L1",30.1758,0.3148,0.0153,"G8.T1.R5","L1","R5","Alternaria","East-4","Eastern"
"527","G8.T1.R5_L2",39.8972,0.3202,0.0089,"G8.T1.R5","L2","R5","Alternaria","East-4","Eastern"
"528","G8.T2.R1_L1",36.1498,2.0363,0.1987,"G8.T2.R1","L1","R1","Cladosporium","East-4","Eastern"
"529","G8.T2.R1_L2",42.1903,3.6026,0.4722,"G8.T2.R1","L2","R1","Cladosporium","East-4","Eastern"
"530","G8.T2.R1_L3",40.0945,2.9754,0.2737,"G8.T2.R1","L3","R1","Cladosporium","East-4","Eastern"
"531","G8.T2.R2_L1",33.3684,3.6863,0.6682,"G8.T2.R2","L1","R2","Cladosporium","East-4","Eastern"
"532","G8.T2.R2_L2",33.3129,1.9081,0.2485,"G8.T2.R2","L2","R2","Cladosporium","East-4","Eastern"
"533","G8.T2.R2_L3",18.955,2.0057,0.2968,"G8.T2.R2","L3","R2","Cladosporium","East-4","Eastern"
"534","G8.T2.R3_L1",43.8318,5.3903,0.6874,"G8.T2.R3","L1","R3","Cladosporium","East-4","Eastern"
"535","G8.T2.R3_L2",27.8732,1.7401,0.3349,"G8.T2.R3","L2","R3","Cladosporium","East-4","Eastern"
"536","G8.T2.R4_L1",22.9949,0.1941,0.0047,"G8.T2.R4","L1","R4","Cladosporium","East-4","Eastern"
"537","G8.T2.R4_L2",18.1141,0.5955,0.0255,"G8.T2.R4","L2","R4","Cladosporium","East-4","Eastern"
"538","G8.T2.R4_L3",14.7871,0.3537,0.0268,"G8.T2.R4","L3","R4","Cladosporium","East-4","Eastern"
"539","G8.T2.R5_L2",34.9333,0.3853,0.0519,"G8.T2.R5","L2","R5","Cladosporium","East-4","Eastern"
"540","G8.T2.R5_L3",44.1388,1.4953,0.2035,"G8.T2.R5","L3","R5","Cladosporium","East-4","Eastern"
"541","G8.T3.R1_L1",50.133,5.036,0.61,"G8.T3.R1","L1","R1","Fusarium","East-4","Eastern"
"542","G8.T3.R1_L2",49.28,1.8118,0.0992,"G8.T3.R1","L2","R1","Fusarium","East-4","Eastern"
"543","G8.T3.R1_L3",47.2864,2.2556,0.2063,"G8.T3.R1","L3","R1","Fusarium","East-4","Eastern"
"544","G8.T3.R2_L1",42.1116,1.865,0.137,"G8.T3.R2","L1","R2","Fusarium","East-4","Eastern"
"545","G8.T3.R3_L1",40.4227,2.7279,0.0127,"G8.T3.R3","L1","R3","Fusarium","East-4","Eastern"
"546","G8.T3.R3_L3",21.3193,4.0367,0.4972,"G8.T3.R3","L3","R3","Fusarium","East-4","Eastern"
"547","G8.T3.R4_L1",52.7045,2.6601,0.3558,"G8.T3.R4","L1","R4","Fusarium","East-4","Eastern"
"548","G8.T3.R4_L2",50.2024,3.0758,0.4815,"G8.T3.R4","L2","R4","Fusarium","East-4","Eastern"
"549","G8.T3.R5_L1",26.6928,0.5072,0.0467,"G8.T3.R5","L1","R5","Fusarium","East-4","Eastern"
"550","G8.T3.R5_L2",30.382,0.4259,0.0355,"G8.T3.R5","L2","R5","Fusarium","East-4","Eastern"
"551","G8.T3.R5_L3",37.9572,0.2335,0.0101,"G8.T3.R5","L3","R5","Fusarium","East-4","Eastern"
"552","G8.T4.R1_L1",28.5445,0.6648,0.0616,"G8.T4.R1","L1","R1","Aureobasidium","East-4","Eastern"
"553","G8.T4.R1_L2",38.4082,1.423,0.1515,"G8.T4.R1","L2","R1","Aureobasidium","East-4","Eastern"
"554","G8.T4.R1_L3",24.8701,0.5807,0.0312,"G8.T4.R1","L3","R1","Aureobasidium","East-4","Eastern"
"555","G8.T4.R2_L1",41.9084,6.8326,0.8798,"G8.T4.R2","L1","R2","Aureobasidium","East-4","Eastern"
"556","G8.T4.R2_L2",24.9132,2.185,0.0878,"G8.T4.R2","L2","R2","Aureobasidium","East-4","Eastern"
"557","G8.T4.R2_L3",33.7254,1.9248,0.1359,"G8.T4.R2","L3","R2","Aureobasidium","East-4","Eastern"
"558","G8.T4.R3_L1",30.0707,3.6727,0.6979,"G8.T4.R3","L1","R3","Aureobasidium","East-4","Eastern"
"559","G8.T4.R3_L2",31.2336,7.5368,2.6223,"G8.T4.R3","L2","R3","Aureobasidium","East-4","Eastern"
"560","G8.T4.R4_L2",26.267,1.3397,0.0978,"G8.T4.R4","L2","R4","Aureobasidium","East-4","Eastern"
"561","G8.T4.R5_L2",35.032,2.0645,0.1027,"G8.T4.R5","L2","R5","Aureobasidium","East-4","Eastern"
"562","G8.T4.R5_L3",26.9564,0.0815,0.0041,"G8.T4.R5","L3","R5","Aureobasidium","East-4","Eastern"
"563","G8.T5.R1_L2",52.4921,2.3068,0.1885,"G8.T5.R1","L2","R1","Dioszegia","East-4","Eastern"
"564","G8.T5.R2_L1",11.4546,0.2971,2e-04,"G8.T5.R2","L1","R2","Dioszegia","East-4","Eastern"
"565","G8.T5.R2_L3",21.7338,4.7589,0.3093,"G8.T5.R2","L3","R2","Dioszegia","East-4","Eastern"
"566","G8.T5.R3_L2",31.3067,4.0728,0.8912,"G8.T5.R3","L2","R3","Dioszegia","East-4","Eastern"
"567","G8.T5.R3_L3",17.3848,1.5562,0.296,"G8.T5.R3","L3","R3","Dioszegia","East-4","Eastern"
"568","G8.T5.R4_L1",27.3595,1.1291,0.0692,"G8.T5.R4","L1","R4","Dioszegia","East-4","Eastern"
"569","G8.T5.R4_L2",38.5716,5.527,1.0289,"G8.T5.R4","L2","R4","Dioszegia","East-4","Eastern"
"570","G8.T5.R4_L3",41.3237,9.043,2.2362,"G8.T5.R4","L3","R4","Dioszegia","East-4","Eastern"
"571","G8.T6.R1_L1",54.6507,11.3764,2.3445,"G8.T6.R1","L1","R1","Control","East-4","Eastern"
"572","G8.T6.R2_L3",15.4763,0.6838,0.0486,"G8.T6.R2","L3","R2","Control","East-4","Eastern"
"573","G8.T6.R3_L1",48.1783,2.2559,0.2328,"G8.T6.R3","L1","R3","Control","East-4","Eastern"
"574","G8.T6.R3_L2",37.599,3.15,0.6928,"G8.T6.R3","L2","R3","Control","East-4","Eastern"
"575","G8.T6.R4_L1",21.5523,0.5449,0.0125,"G8.T6.R4","L1","R4","Control","East-4","Eastern"
"576","G8.T6.R4_L2",19.0521,1.0579,0.0688,"G8.T6.R4","L2","R4","Control","East-4","Eastern"
"577","G8.T6.R4_L3",21.681,1.353,0.0913,"G8.T6.R4","L3","R4","Control","East-4","Eastern"
"578","G8.T6.R5_L2",24.5267,0.1371,0.0084,"G8.T6.R5","L2","R5","Control","East-4","Eastern"
"579","G8.T6.R5_L3",28.9793,0.7721,0.0801,"G8.T6.R5","L3","R5","Control","East-4","Eastern"
"580","G9.T1.R1_L1",15.4473,3.0884,0.0714,"G9.T1.R1","L1","R1","Alternaria","East-5","Eastern"
"581","G9.T1.R1_L2",11.8556,1.9651,0.0143,"G9.T1.R1","L2","R1","Alternaria","East-5","Eastern"
"582","G9.T1.R1_L3",10.5326,2.0903,0.0583,"G9.T1.R1","L3","R1","Alternaria","East-5","Eastern"
"583","G9.T1.R2_L1",18.2232,2.7916,0.4014,"G9.T1.R2","L1","R2","Alternaria","East-5","Eastern"
"584","G9.T1.R2_L2",27.6722,5.7824,0.4187,"G9.T1.R2","L2","R2","Alternaria","East-5","Eastern"
"585","G9.T1.R2_L3",23.1806,5.6738,1.2973,"G9.T1.R2","L3","R2","Alternaria","East-5","Eastern"
"586","G9.T1.R3_L1",27.1773,4.5852,0.116,"G9.T1.R3","L1","R3","Alternaria","East-5","Eastern"
"587","G9.T1.R3_L2",27.1783,6.3786,0.5494,"G9.T1.R3","L2","R3","Alternaria","East-5","Eastern"
"588","G9.T1.R3_L3",36.3105,10.5883,1.9488,"G9.T1.R3","L3","R3","Alternaria","East-5","Eastern"
"589","G9.T1.R4_L1",42.3338,7.6985,0.6044,"G9.T1.R4","L1","R4","Alternaria","East-5","Eastern"
"590","G9.T1.R4_L2",52.0223,5.3203,0.5646,"G9.T1.R4","L2","R4","Alternaria","East-5","Eastern"
"591","G9.T1.R4_L3",35.3113,7.0897,1.3515,"G9.T1.R4","L3","R4","Alternaria","East-5","Eastern"
"592","G9.T1.R5_L1",7.7424,0.1017,0.01,"G9.T1.R5","L1","R5","Alternaria","East-5","Eastern"
"593","G9.T1.R5_L2",10.7275,1.3327,0.0739,"G9.T1.R5","L2","R5","Alternaria","East-5","Eastern"
"594","G9.T1.R5_L3",3.7422,0.0907,0.0031,"G9.T1.R5","L3","R5","Alternaria","East-5","Eastern"
"595","G9.T2.R1_L1",40.2704,5.0304,0.2161,"G9.T2.R1","L1","R1","Cladosporium","East-5","Eastern"
"596","G9.T2.R1_L2",40.8389,7.2756,0.1712,"G9.T2.R1","L2","R1","Cladosporium","East-5","Eastern"
"597","G9.T2.R1_L3",51.5833,5.7669,0.261,"G9.T2.R1","L3","R1","Cladosporium","East-5","Eastern"
"598","G9.T2.R2_L1",24.4466,2.3514,0.0171,"G9.T2.R2","L1","R2","Cladosporium","East-5","Eastern"
"599","G9.T2.R2_L3",17.9697,4.0928,0.4417,"G9.T2.R2","L3","R2","Cladosporium","East-5","Eastern"
"600","G9.T2.R3_L1",40.7234,5.2153,0.3504,"G9.T2.R3","L1","R3","Cladosporium","East-5","Eastern"
"601","G9.T2.R3_L2",41.5819,1.6189,0.0964,"G9.T2.R3","L2","R3","Cladosporium","East-5","Eastern"
"602","G9.T2.R3_L3",37.2418,6.2196,0.7699,"G9.T2.R3","L3","R3","Cladosporium","East-5","Eastern"
"603","G9.T2.R4_L1",29.305,5.0245,0.1525,"G9.T2.R4","L1","R4","Cladosporium","East-5","Eastern"
"604","G9.T2.R4_L2",33.7289,7.0102,0.6861,"G9.T2.R4","L2","R4","Cladosporium","East-5","Eastern"
"605","G9.T2.R4_L3",30.0918,1.7398,0.0795,"G9.T2.R4","L3","R4","Cladosporium","East-5","Eastern"
"606","G9.T3.R1_L1",8.0958,0.0549,0,"G9.T3.R1","L1","R1","Fusarium","East-5","Eastern"
"607","G9.T3.R1_L3",8.0538,0.5977,0.0692,"G9.T3.R1","L3","R1","Fusarium","East-5","Eastern"
"608","G9.T3.R3_L1",21.2997,1.7733,0.0388,"G9.T3.R3","L1","R3","Fusarium","East-5","Eastern"
"609","G9.T3.R3_L2",16.6552,2.4808,0.1317,"G9.T3.R3","L2","R3","Fusarium","East-5","Eastern"
"610","G9.T3.R4_L1",27.2278,3.3318,0.0634,"G9.T3.R4","L1","R4","Fusarium","East-5","Eastern"
"611","G9.T3.R4_L2",22.9809,5.3999,0.8013,"G9.T3.R4","L2","R4","Fusarium","East-5","Eastern"
"612","G9.T3.R4_L3",33.9552,5.3652,0.1389,"G9.T3.R4","L3","R4","Fusarium","East-5","Eastern"
"613","G9.T3.R5_L1",16.1757,0.3555,0.0044,"G9.T3.R5","L1","R5","Fusarium","East-5","Eastern"
"614","G9.T3.R5_L2",25.6867,0.7849,0.0174,"G9.T3.R5","L2","R5","Fusarium","East-5","Eastern"
"615","G9.T3.R5_L3",18.4274,0.5902,0.0613,"G9.T3.R5","L3","R5","Fusarium","East-5","Eastern"
"616","G9.T4.R1_L1",56.0265,0.593,0.0048,"G9.T4.R1","L1","R1","Aureobasidium","East-5","Eastern"
"617","G9.T4.R1_L2",44.2554,5.2723,0.0974,"G9.T4.R1","L2","R1","Aureobasidium","East-5","Eastern"
"618","G9.T4.R1_L3",40.8437,8.6729,0.1331,"G9.T4.R1","L3","R1","Aureobasidium","East-5","Eastern"
"619","G9.T4.R2_L1",24.1747,2.7729,0.0538,"G9.T4.R2","L1","R2","Aureobasidium","East-5","Eastern"
"620","G9.T4.R2_L2",15.1751,2.3339,0.0351,"G9.T4.R2","L2","R2","Aureobasidium","East-5","Eastern"
"621","G9.T4.R2_L3",12.8792,0.7167,7e-04,"G9.T4.R2","L3","R2","Aureobasidium","East-5","Eastern"
"622","G9.T4.R3_L1",21.5143,2.1964,0.1425,"G9.T4.R3","L1","R3","Aureobasidium","East-5","Eastern"
"623","G9.T4.R3_L3",18.8432,1.4795,0.1149,"G9.T4.R3","L3","R3","Aureobasidium","East-5","Eastern"
"624","G9.T4.R4_L1",26.4151,1.2036,0.0174,"G9.T4.R4","L1","R4","Aureobasidium","East-5","Eastern"
"625","G9.T4.R4_L2",32.0236,7.2437,0.9047,"G9.T4.R4","L2","R4","Aureobasidium","East-5","Eastern"
"626","G9.T4.R4_L3",37.5809,11.0608,1.0852,"G9.T4.R4","L3","R4","Aureobasidium","East-5","Eastern"
"627","G9.T5.R1_L1",6.2515,0.1241,0,"G9.T5.R1","L1","R1","Dioszegia","East-5","Eastern"
"628","G9.T5.R1_L2",7.5087,0.4341,0,"G9.T5.R1","L2","R1","Dioszegia","East-5","Eastern"
"629","G9.T5.R2_L2",35.0513,1.3299,0.0218,"G9.T5.R2","L2","R2","Dioszegia","East-5","Eastern"
"630","G9.T5.R2_L3",37.9219,1.2443,0.0142,"G9.T5.R2","L3","R2","Dioszegia","East-5","Eastern"
"631","G9.T5.R3_L1",14.5043,1.0114,5e-04,"G9.T5.R3","L1","R3","Dioszegia","East-5","Eastern"
"632","G9.T5.R3_L2",22.5456,1.7798,0.0075,"G9.T5.R3","L2","R3","Dioszegia","East-5","Eastern"
"633","G9.T5.R3_L3",21.2047,1.4384,0.0121,"G9.T5.R3","L3","R3","Dioszegia","East-5","Eastern"
"634","G9.T5.R4_L1",23.292,2.9571,0.113,"G9.T5.R4","L1","R4","Dioszegia","East-5","Eastern"
"635","G9.T5.R4_L2",26.6327,6.4886,0.6211,"G9.T5.R4","L2","R4","Dioszegia","East-5","Eastern"
"636","G9.T5.R4_L3",25.8231,1.6102,0.0523,"G9.T5.R4","L3","R4","Dioszegia","East-5","Eastern"
"637","G9.T5.R5_L1",29.0897,1.777,0.1444,"G9.T5.R5","L1","R5","Dioszegia","East-5","Eastern"
"638","G9.T5.R5_L2",31.5864,0.8792,0.0454,"G9.T5.R5","L2","R5","Dioszegia","East-5","Eastern"
"639","G9.T5.R5_L3",25.2741,2.1137,0.2243,"G9.T5.R5","L3","R5","Dioszegia","East-5","Eastern"
"640","G9.T6.R1_L1",39.1289,6.3072,0.3686,"G9.T6.R1","L1","R1","Control","East-5","Eastern"
"641","G9.T6.R1_L3",19.3834,4.1123,0.1275,"G9.T6.R1","L3","R1","Control","East-5","Eastern"
"642","G9.T6.R2_L2",41.2341,5.2228,0.2938,"G9.T6.R2","L2","R2","Control","East-5","Eastern"
"643","G9.T6.R2_L3",52.4968,7.8946,0.6911,"G9.T6.R2","L3","R2","Control","East-5","Eastern"
"644","G9.T6.R3_L1",36.0937,5.7776,0.3989,"G9.T6.R3","L1","R3","Control","East-5","Eastern"
"645","G9.T6.R3_L3",32.169,5.3337,0.9622,"G9.T6.R3","L3","R3","Control","East-5","Eastern"
"646","G9.T6.R4_L1",16.4329,2.4636,0.1398,"G9.T6.R4","L1","R4","Control","East-5","Eastern"
"647","G9.T6.R4_L2",21.0085,1.6374,0.0717,"G9.T6.R4","L2","R4","Control","East-5","Eastern"
"648","G9.T6.R4_L3",9.4293,1.4489,0.1243,"G9.T6.R4","L3","R4","Control","East-5","Eastern"
"649","G9.T6.R5_L1",20.8656,0.2724,0.0026,"G9.T6.R5","L1","R5","Control","East-5","Eastern"
"650","G9.T6.R5_L2",16.1383,0.1286,6e-04,"G9.T6.R5","L2","R5","Control","East-5","Eastern"
"651","G9.T6.R5_L3",10.18,0.1954,0.0015,"G9.T6.R5","L3","R5","Control","East-5","Eastern"
