SampID,Plate ID,Row ,Col,Samp_type,BESC_Genotype,Genotype,Region,Treatment,Replicate ,Timepoint,PrimerPlate,MID_fwd_i5,Name_fwd,MID.rev.i7,MID.rev.i7.rc,Name.rev
F1.Trichoderma,PE-PL7,C,8,Single,NA,NA,NA,NA,NA,NA,ST2_7,TATAGCGC,P5-Hamady-nexF_0021,TGACTGTG,CACAGTCA,P7-Hamady-nexR_0022
F2.Fusarium,PE-PL7,D,8,Single,NA,NA,NA,NA,NA,NA,ST2_7,TATAGCGC,P5-Hamady-nexF_0021,GTAGACCT,AGGTCTAC,P7-Hamady-nexR_0033
F3.Rust,PE-PL7,E,8,Single,NA,NA,NA,NA,NA,NA,ST2_7,ATCGGCAT,P5-Hamady-nexF_0024,GAGAGAGA,TCTCTCTC,P7-Hamady-nexR_0028
F4.Aureobasidium,PE-PL7,F,8,Single,NA,NA,NA,NA,NA,NA,ST2_7,ATCGGCAT,P5-Hamady-nexF_0024,TTCGTTCG,CGAACGAA,P7-Hamady-nexR_0013
F5.Epicoccum,PE-PL7,G,8,Single,NA,NA,NA,NA,NA,NA,ST2_7,ATCGGCAT,P5-Hamady-nexF_0024,TGACTGTG,CACAGTCA,P7-Hamady-nexR_0022
F6.Dioszegia,PE-PL7,H,8,Single,NA,NA,NA,NA,NA,NA,ST2_7,ATCGGCAT,P5-Hamady-nexF_0024,GTAGACCT,AGGTCTAC,P7-Hamady-nexR_0033
F7.Penicilum,PE-PL7,A,9,Single,NA,NA,NA,NA,NA,NA,ST2_7,TATAGCGC,P5-Hamady-nexF_0021,ACCAGTAC,GTACTGGT,P7-Hamady-nexR_0020
F8.Alternaria,PE-PL7,B,9,Single,NA,NA,NA,NA,NA,NA,ST2_7,TATAGCGC,P5-Hamady-nexF_0021,TGTCGACA,TGTCGACA,P7-Hamady-nexR_0029
F9.Cladosporium,PE-PL7,C,9,Single,NA,NA,NA,NA,NA,NA,ST2_7,TATAGCGC,P5-Hamady-nexF_0021,TCTCACTG,CAGTGAGA,P7-Hamady-nexR_0034
G1.T1.R1.TP1,PE-PL2,G,12,Experiment,VNDL-27-5,West-7,West,Alternaria,R1,1,ST2_5,CCATTAGG,P5-Hamady-nexF_0095,CCTAGGAT,ATCCTAGG,P7-Hamady-nexR_0017
G1.T1.R1.TP2,PE-PL6,B,6,Experiment,VNDL-27-5,West-7,West,Alternaria,R1,2,ST2_2,GGCCATAT,P5-Hamady-nexF_0001,AGGAACCA,TGGTTCCT,P7-Hamady-nexR_0036
G1.T1.R2.TP1,PE-PL6,B,3,Experiment,VNDL-27-5,West-7,West,Alternaria,R2,1,ST2_2,GGCCATAT,P5-Hamady-nexF_0001,TGTCGACA,TGTCGACA,P7-Hamady-nexR_0029
G1.T1.R2.TP2,PE-PL3,D,11,Experiment,VNDL-27-5,West-7,West,Alternaria,R2,2,ST2_8,CCAATTCC,P5-Hamady-nexF_0068,CATGTGCA,TGCACATG,P7-Hamady-nexR_0021
G1.T1.R4.TP1,PE-PL6,C,8,Experiment,VNDL-27-5,West-7,West,Alternaria,R4,1,ST2_2,TAGGCGTT,P5-Hamady-nexF_0041,TGACTGTG,CACAGTCA,P7-Hamady-nexR_0022
G1.T1.R4.TP2,PE-PL3,G,12,Experiment,VNDL-27-5,West-7,West,Alternaria,R4,2,ST2_8,AGTGGTGA,P5-Hamady-nexF_0010,CCTAGGAT,ATCCTAGG,P7-Hamady-nexR_0017
G1.T1.R5.TP1,PE-PL5,D,4,Experiment,VNDL-27-5,West-7,West,Alternaria,R5,1,ST2_6,TGGTGAAG,P5-Hamady-nexF_0061,GTACCAAC,GTTGGTAC,P7-Hamady-nexR_0008
G1.T1.R5.TP2,PE-PL7,G,4,Experiment,VNDL-27-5,West-7,West,Alternaria,R5,2,ST2_7,GTAGCTTG,P5-Hamady-nexF_0089,TGTGAGAG,CTCTCACA,P7-Hamady-nexR_0018
G1.T2.R1.TP1,PE-PL6,H,10,Experiment,VNDL-27-5,West-7,West,Cladosporium,R1,1,ST2_2,ACGAGAAC,P5-Hamady-nexF_0079,GTACCAAC,GTTGGTAC,P7-Hamady-nexR_0008
G1.T2.R1.TP2,PE-PL4,E,5,Experiment,VNDL-27-5,West-7,West,Cladosporium,R1,2,ST2_4,AACCTTCC,P5-Hamady-nexF_0016,CCGCTTAT,ATAAGCGG,P7-Hamady-nexR_0025
G1.T2.R2.TP1,PE-PL6,F,2,Experiment,VNDL-27-5,West-7,West,Cladosporium,R2,1,ST2_2,CTTGTCCA,P5-Hamady-nexF_0037,TTCGTTCG,CGAACGAA,P7-Hamady-nexR_0013
G1.T2.R2.TP2,PE-PL2,F,4,Experiment,VNDL-27-5,West-7,West,Cladosporium,R2,2,ST2_5,GATCACCA,P5-Hamady-nexF_0044,ACTCTGTC,GACAGAGT,P7-Hamady-nexR_0016
G1.T2.R4.TP1,PE-PL1,B,8,Experiment,VNDL-27-5,West-7,West,Cladosporium,R4,1,ST2_3,GCATCGAT,P5-Hamady-nexF_0032,TTCGTTCG,CGAACGAA,P7-Hamady-nexR_0013
G1.T2.R4.TP2,PE-PL2,F,1,Experiment,VNDL-27-5,West-7,West,Cladosporium,R4,2,ST2_5,GATCACCA,P5-Hamady-nexF_0044,ACCTTGCT,AGCAAGGT,P7-Hamady-nexR_0002
G1.T2.R5.TP1,PE-PL1,G,11,Experiment,VNDL-27-5,West-7,West,Cladosporium,R5,1,ST2_3,CTGATCTC,P5-Hamady-nexF_0082,GAGTACAG,CTGTACTC,P7-Hamady-nexR_0005
G1.T2.R5.TP2,PE-PL7,B,11,Experiment,VNDL-27-5,West-7,West,Cladosporium,R5,2,ST2_7,TATAGCGC,P5-Hamady-nexF_0021,AGAGACAC,GTGTCTCT,P7-Hamady-nexR_0001
G1.T3.R1.TP1,PE-PL3,C,11,Experiment,VNDL-27-5,West-7,West,Fusarium,R1,1,ST2_8,CCAATTCC,P5-Hamady-nexF_0068,GAGTACAG,CTGTACTC,P7-Hamady-nexR_0005
G1.T3.R1.TP2,PE-PL6,C,11,Experiment,VNDL-27-5,West-7,West,Fusarium,R1,2,ST2_2,TAGGCGTT,P5-Hamady-nexF_0041,GAGTACAG,CTGTACTC,P7-Hamady-nexR_0005
G1.T3.R2.TP1,PE-PL6,G,3,Experiment,VNDL-27-5,West-7,West,Fusarium,R2,1,ST2_2,CTTGTCCA,P5-Hamady-nexF_0037,TCTCACTG,CAGTGAGA,P7-Hamady-nexR_0034
G1.T3.R2.TP2,PE-PL5,E,4,Experiment,VNDL-27-5,West-7,West,Fusarium,R2,2,ST2_6,ACGATGCT,P5-Hamady-nexF_0058,AACGTTGC,GCAACGTT,P7-Hamady-nexR_0035
G1.T3.R4.TP1,PE-PL4,D,7,Experiment,VNDL-27-5,West-7,West,Fusarium,R4,1,ST2_4,GTGTACTG,P5-Hamady-nexF_0047,TTGCTACC,GGTAGCAA,P7-Hamady-nexR_0003
G1.T3.R4.TP2,PE-PL7,F,2,Experiment,VNDL-27-5,West-7,West,Fusarium,R4,2,ST2_7,GTAGCTTG,P5-Hamady-nexF_0089,TTCGTTCG,CGAACGAA,P7-Hamady-nexR_0013
G1.T3.R5.TP1,PE-PL6,A,11,Experiment,VNDL-27-5,West-7,West,Fusarium,R5,1,ST2_2,TAGGCGTT,P5-Hamady-nexF_0041,CCGCTTAT,ATAAGCGG,P7-Hamady-nexR_0025
G1.T3.R5.TP2,PE-PL3,H,5,Experiment,VNDL-27-5,West-7,West,Fusarium,R5,2,ST2_8,TGACGAGA,P5-Hamady-nexF_0052,CATGTGCA,TGCACATG,P7-Hamady-nexR_0021
G1.T4.R1.TP2,PE-PL3,F,2,Experiment,VNDL-27-5,West-7,West,Aureobasidium,R1,2,ST2_8,TGACGAGA,P5-Hamady-nexF_0052,TTCGTTCG,CGAACGAA,P7-Hamady-nexR_0013
G1.T4.R2.TP1,PE-PL6,D,1,Experiment,VNDL-27-5,West-7,West,Aureobasidium,R2,1,ST2_2,GGCCATAT,P5-Hamady-nexF_0001,TTGCTACC,GGTAGCAA,P7-Hamady-nexR_0003
G1.T4.R2.TP2,PE-PL1,C,6,Experiment,VNDL-27-5,West-7,West,Aureobasidium,R2,2,ST2_3,TTCGATGG,P5-Hamady-nexF_0002,CCTAGGAT,ATCCTAGG,P7-Hamady-nexR_0017
G1.T4.R4.TP1,PE-PL1,A,5,Experiment,VNDL-27-5,West-7,West,Aureobasidium,R4,1,ST2_3,TTCGATGG,P5-Hamady-nexF_0002,CCGCTTAT,ATAAGCGG,P7-Hamady-nexR_0025
G1.T4.R4.TP2,PE-PL7,A,3,Experiment,VNDL-27-5,West-7,West,Aureobasidium,R4,2,ST2_7,TCGTAGCA,P5-Hamady-nexF_0053,ACCAGTAC,GTACTGGT,P7-Hamady-nexR_0020
G1.T4.R5.TP1,PE-PL3,B,6,Experiment,VNDL-27-5,West-7,West,Aureobasidium,R5,1,ST2_8,CACTTCTG,P5-Hamady-nexF_0013,AGGAACCA,TGGTTCCT,P7-Hamady-nexR_0036
G1.T4.R5.TP2,PE-PL3,F,3,Experiment,VNDL-27-5,West-7,West,Aureobasidium,R5,2,ST2_8,TGACGAGA,P5-Hamady-nexF_0052,TGTCGACA,TGTCGACA,P7-Hamady-nexR_0029
G1.T5.R1.TP1,PE-PL1,H,7,Experiment,VNDL-27-5,West-7,West,Dioszegia,R1,1,ST2_3,CTGATCTC,P5-Hamady-nexF_0082,TTGCTACC,GGTAGCAA,P7-Hamady-nexR_0003
G1.T5.R1.TP2,PE-PL5,H,11,Experiment,VNDL-27-5,West-7,West,Dioszegia,R1,2,ST2_6,CGCGATTA,P5-Hamady-nexF_0070,CATGTGCA,TGCACATG,P7-Hamady-nexR_0021
G1.T5.R2.TP1,PE-PL1,D,3,Experiment,VNDL-27-5,West-7,West,Dioszegia,R2,1,ST2_3,TTCGATGG,P5-Hamady-nexF_0002,TTCCATGC,GCATGGAA,P7-Hamady-nexR_0006
G1.T5.R2.TP2,PE-PL6,C,5,Experiment,VNDL-27-5,West-7,West,Dioszegia,R2,2,ST2_2,GGCCATAT,P5-Hamady-nexF_0001,GAGTACAG,CTGTACTC,P7-Hamady-nexR_0005
G1.T5.R4.TP1,PE-PL7,B,10,Experiment,VNDL-27-5,West-7,West,Dioszegia,R4,1,ST2_7,TATAGCGC,P5-Hamady-nexF_0021,ACTCTGTC,GACAGAGT,P7-Hamady-nexR_0016
G1.T5.R4.TP2,PE-PL7,F,3,Experiment,VNDL-27-5,West-7,West,Dioszegia,R4,2,ST2_7,GTAGCTTG,P5-Hamady-nexF_0089,TGTCGACA,TGTCGACA,P7-Hamady-nexR_0029
G1.T5.R5.TP1,PE-PL4,G,9,Experiment,VNDL-27-5,West-7,West,Dioszegia,R5,1,ST2_4,TCTCAGAG,P5-Hamady-nexF_0072,TCTCACTG,CAGTGAGA,P7-Hamady-nexR_0034
G1.T5.R5.TP2,PE-PL6,G,9,Experiment,VNDL-27-5,West-7,West,Dioszegia,R5,2,ST2_2,ACGAGAAC,P5-Hamady-nexF_0079,TCTCACTG,CAGTGAGA,P7-Hamady-nexR_0034
G1.T6.R1.TP1,PE-PL3,E,7,Experiment,VNDL-27-5,West-7,West,Negative,R1,1,ST2_8,AGTGGTGA,P5-Hamady-nexF_0010,GTGTCTCT,AGAGACAC,P7-Hamady-nexR_0031
G1.T6.R2.TP1,PE-PL3,H,9,Experiment,VNDL-27-5,West-7,West,Negative,R2,1,ST2_8,AGTGGTGA,P5-Hamady-nexF_0010,TTCCATGC,GCATGGAA,P7-Hamady-nexR_0006
G1.T6.R2.TP2,PE-PL5,C,6,Experiment,VNDL-27-5,West-7,West,Negative,R2,2,ST2_6,TGGTGAAG,P5-Hamady-nexF_0061,CCTAGGAT,ATCCTAGG,P7-Hamady-nexR_0017
G1.T6.R4.TP1,PE-PL4,D,6,Experiment,VNDL-27-5,West-7,West,Negative,R4,1,ST2_4,AGAGCAGT,P5-Hamady-nexF_0005,AACGAACG,CGTTCGTT,P7-Hamady-nexR_0007
G1.T6.R4.TP2,PE-PL5,D,3,Experiment,VNDL-27-5,West-7,West,Negative,R4,2,ST2_6,TGGTGAAG,P5-Hamady-nexF_0061,TTCCATGC,GCATGGAA,P7-Hamady-nexR_0006
G1.T6.R5.TP1,PE-PL2,G,10,Experiment,VNDL-27-5,West-7,West,Negative,R5,1,ST2_5,CCATTAGG,P5-Hamady-nexF_0095,TGTGAGAG,CTCTCACA,P7-Hamady-nexR_0018
G1.T6.R5.TP2,PE-PL5,B,11,Experiment,VNDL-27-5,West-7,West,Negative,R5,2,ST2_6,GACAACTC,P5-Hamady-nexF_0067,AGAGACAC,GTGTCTCT,P7-Hamady-nexR_0001
G2.T1.R1.TP1,PE-PL3,H,3,Experiment,MCMN-27-5,West-6,West,Alternaria,R1,1,ST2_8,TGACGAGA,P5-Hamady-nexF_0052,TTCCATGC,GCATGGAA,P7-Hamady-nexR_0006
G2.T1.R1.TP2,PE-PL5,C,10,Experiment,MCMN-27-5,West-6,West,Alternaria,R1,2,ST2_6,GACAACTC,P5-Hamady-nexF_0067,TGTGAGAG,CTCTCACA,P7-Hamady-nexR_0018
G2.T1.R2.TP1,PE-PL3,A,6,Experiment,MCMN-27-5,West-6,West,Alternaria,R2,1,ST2_8,CACTTCTG,P5-Hamady-nexF_0013,CGTTCCTA,TAGGAACG,P7-Hamady-nexR_0009
G2.T1.R2.TP2,PE-PL2,F,6,Experiment,MCMN-27-5,West-6,West,Alternaria,R2,2,ST2_5,GATCACCA,P5-Hamady-nexF_0044,AGGAACCA,TGGTTCCT,P7-Hamady-nexR_0036
G2.T1.R4.TP1,PE-PL1,F,3,Experiment,MCMN-27-5,West-6,West,Alternaria,R4,1,ST2_3,AGTCCACA,P5-Hamady-nexF_0077,TGTCGACA,TGTCGACA,P7-Hamady-nexR_0029
G2.T1.R4.TP2,PE-PL7,E,11,Experiment,MCMN-27-5,West-6,West,Alternaria,R4,2,ST2_7,ATCGGCAT,P5-Hamady-nexF_0024,CCGCTTAT,ATAAGCGG,P7-Hamady-nexR_0025
G2.T1.R5.TP1,PE-PL7,D,10,Experiment,MCMN-27-5,West-6,West,Alternaria,R5,1,ST2_7,TATAGCGC,P5-Hamady-nexF_0021,GTACCAAC,GTTGGTAC,P7-Hamady-nexR_0008
G2.T1.R5.TP2,PE-PL6,F,8,Experiment,MCMN-27-5,West-6,West,Alternaria,R5,2,ST2_2,ACGAGAAC,P5-Hamady-nexF_0079,TTCGTTCG,CGAACGAA,P7-Hamady-nexR_0013
G2.T2.R1.TP1,PE-PL2,F,9,Experiment,MCMN-27-5,West-6,West,Cladosporium,R1,1,ST2_5,CCATTAGG,P5-Hamady-nexF_0095,TGTCGACA,TGTCGACA,P7-Hamady-nexR_0029
G2.T2.R1.TP2,PE-PL6,F,4,Experiment,MCMN-27-5,West-6,West,Cladosporium,R1,2,ST2_2,CTTGTCCA,P5-Hamady-nexF_0037,ACTCTGTC,GACAGAGT,P7-Hamady-nexR_0016
G2.T2.R2.TP1,PE-PL4,E,12,Experiment,MCMN-27-5,West-6,West,Cladosporium,R2,1,ST2_4,TCTCAGAG,P5-Hamady-nexF_0072,CGTTCCTA,TAGGAACG,P7-Hamady-nexR_0009
G2.T2.R2.TP2,PE-PL2,F,5,Experiment,MCMN-27-5,West-6,West,Cladosporium,R2,2,ST2_5,GATCACCA,P5-Hamady-nexF_0044,AGAGACAC,GTGTCTCT,P7-Hamady-nexR_0001
G2.T2.R4.TP1,PE-PL1,C,3,Experiment,MCMN-27-5,West-6,West,Cladosporium,R4,1,ST2_3,TTCGATGG,P5-Hamady-nexF_0002,TCTCACTG,CAGTGAGA,P7-Hamady-nexR_0034
G2.T2.R4.TP2,PE-PL7,B,6,Experiment,MCMN-27-5,West-6,West,Cladosporium,R4,2,ST2_7,TCGTAGCA,P5-Hamady-nexF_0053,AGGAACCA,TGGTTCCT,P7-Hamady-nexR_0036
G2.T2.R5.TP1,PE-PL4,F,11,Experiment,MCMN-27-5,West-6,West,Cladosporium,R5,1,ST2_4,TCTCAGAG,P5-Hamady-nexF_0072,AGAGACAC,GTGTCTCT,P7-Hamady-nexR_0001
G2.T2.R5.TP2,PE-PL2,B,8,Experiment,MCMN-27-5,West-6,West,Cladosporium,R5,2,ST2_5,TGGACTAC,P5-Hamady-nexF_0091,TTCGTTCG,CGAACGAA,P7-Hamady-nexR_0013
G2.T3.R1.TP1,PE-PL3,D,6,Experiment,MCMN-27-5,West-6,West,Fusarium,R1,1,ST2_8,CACTTCTG,P5-Hamady-nexF_0013,AACGAACG,CGTTCGTT,P7-Hamady-nexR_0007
G2.T3.R1.TP2,PE-PL4,D,12,Experiment,MCMN-27-5,West-6,West,Fusarium,R1,2,ST2_4,GTGTACTG,P5-Hamady-nexF_0047,AACGAACG,CGTTCGTT,P7-Hamady-nexR_0007
G2.T3.R2.TP1,PE-PL3,A,3,Experiment,MCMN-27-5,West-6,West,Fusarium,R2,1,ST2_8,CACTTCTG,P5-Hamady-nexF_0013,ACCAGTAC,GTACTGGT,P7-Hamady-nexR_0020
G2.T3.R2.TP2,PE-PL2,D,9,Experiment,MCMN-27-5,West-6,West,Fusarium,R2,2,ST2_5,TGGACTAC,P5-Hamady-nexF_0091,TTCCATGC,GCATGGAA,P7-Hamady-nexR_0006
G2.T3.R4.TP1,PE-PL5,D,9,Experiment,MCMN-27-5,West-6,West,Fusarium,R4,1,ST2_6,GACAACTC,P5-Hamady-nexF_0067,TTCCATGC,GCATGGAA,P7-Hamady-nexR_0006
G2.T3.R4.TP2,PE-PL5,C,8,Experiment,MCMN-27-5,West-6,West,Fusarium,R4,2,ST2_6,GACAACTC,P5-Hamady-nexF_0067,TGACTGTG,CACAGTCA,P7-Hamady-nexR_0022
G2.T3.R5.TP1,PE-PL2,H,6,Experiment,MCMN-27-5,West-6,West,Fusarium,R5,1,ST2_5,GATCACCA,P5-Hamady-nexF_0044,AACGAACG,CGTTCGTT,P7-Hamady-nexR_0007
G2.T3.R5.TP2,PE-PL6,E,1,Experiment,MCMN-27-5,West-6,West,Fusarium,R5,2,ST2_2,CTTGTCCA,P5-Hamady-nexF_0037,GTGTCTCT,AGAGACAC,P7-Hamady-nexR_0031
G2.T4.R1.TP1,PE-PL2,B,6,Experiment,MCMN-27-5,West-6,West,Aureobasidium,R1,1,ST2_5,AACCGGTT,P5-Hamady-nexF_0007,AGGAACCA,TGGTTCCT,P7-Hamady-nexR_0036
G2.T4.R2.TP1,PE-PL2,D,12,Experiment,MCMN-27-5,West-6,West,Aureobasidium,R2,1,ST2_5,TGGACTAC,P5-Hamady-nexF_0091,AACGAACG,CGTTCGTT,P7-Hamady-nexR_0007
G2.T4.R2.TP2,PE-PL3,F,8,Experiment,MCMN-27-5,West-6,West,Aureobasidium,R2,2,ST2_8,AGTGGTGA,P5-Hamady-nexF_0010,TTCGTTCG,CGAACGAA,P7-Hamady-nexR_0013
G2.T4.R4.TP1,PE-PL4,H,9,Experiment,MCMN-27-5,West-6,West,Aureobasidium,R4,1,ST2_4,TCTCAGAG,P5-Hamady-nexF_0072,TTCCATGC,GCATGGAA,P7-Hamady-nexR_0006
G2.T4.R4.TP2,PE-PL6,D,9,Experiment,MCMN-27-5,West-6,West,Aureobasidium,R4,2,ST2_2,TAGGCGTT,P5-Hamady-nexF_0041,TTCCATGC,GCATGGAA,P7-Hamady-nexR_0006
G2.T4.R5.TP1,PE-PL5,G,9,Experiment,MCMN-27-5,West-6,West,Aureobasidium,R5,1,ST2_6,CGCGATTA,P5-Hamady-nexF_0070,TCTCACTG,CAGTGAGA,P7-Hamady-nexR_0034
G2.T4.R5.TP2,PE-PL6,D,11,Experiment,MCMN-27-5,West-6,West,Aureobasidium,R5,2,ST2_2,TAGGCGTT,P5-Hamady-nexF_0041,CATGTGCA,TGCACATG,P7-Hamady-nexR_0021
G2.T5.R1.TP1,PE-PL6,D,6,Experiment,MCMN-27-5,West-6,West,Dioszegia,R1,1,ST2_2,GGCCATAT,P5-Hamady-nexF_0001,AACGAACG,CGTTCGTT,P7-Hamady-nexR_0007
G2.T5.R1.TP2,PE-PL6,H,2,Experiment,MCMN-27-5,West-6,West,Dioszegia,R1,2,ST2_2,CTTGTCCA,P5-Hamady-nexF_0037,GTAGACCT,AGGTCTAC,P7-Hamady-nexR_0033
G2.T5.R2.TP1,PE-PL1,F,12,Experiment,MCMN-27-5,West-6,West,Dioszegia,R2,1,ST2_3,CTGATCTC,P5-Hamady-nexF_0082,AGGAACCA,TGGTTCCT,P7-Hamady-nexR_0036
G2.T5.R2.TP2,PE-PL5,C,5,Experiment,MCMN-27-5,West-6,West,Dioszegia,R2,2,ST2_6,TGGTGAAG,P5-Hamady-nexF_0061,GAGTACAG,CTGTACTC,P7-Hamady-nexR_0005
G2.T5.R4.TP1,PE-PL3,A,10,Experiment,MCMN-27-5,West-6,West,Dioszegia,R4,1,ST2_8,CCAATTCC,P5-Hamady-nexF_0068,AACGTTGC,GCAACGTT,P7-Hamady-nexR_0035
G2.T5.R4.TP2,PE-PL2,B,1,Experiment,MCMN-27-5,West-6,West,Dioszegia,R4,2,ST2_5,AACCGGTT,P5-Hamady-nexF_0007,ACCTTGCT,AGCAAGGT,P7-Hamady-nexR_0002
G2.T5.R5.TP1,PE-PL4,H,8,Experiment,MCMN-27-5,West-6,West,Dioszegia,R5,1,ST2_4,TCTCAGAG,P5-Hamady-nexF_0072,GTAGACCT,AGGTCTAC,P7-Hamady-nexR_0033
G2.T5.R5.TP2,PE-PL5,C,12,Experiment,MCMN-27-5,West-6,West,Dioszegia,R5,2,ST2_6,GACAACTC,P5-Hamady-nexF_0067,CCTAGGAT,ATCCTAGG,P7-Hamady-nexR_0017
G2.T6.R1.TP1,PE-PL4,F,9,Experiment,MCMN-27-5,West-6,West,Negative,R1,1,ST2_4,TCTCAGAG,P5-Hamady-nexF_0072,TGTCGACA,TGTCGACA,P7-Hamady-nexR_0029
G2.T6.R1.TP2,PE-PL3,B,12,Experiment,MCMN-27-5,West-6,West,Negative,R1,2,ST2_8,CCAATTCC,P5-Hamady-nexF_0068,AGGAACCA,TGGTTCCT,P7-Hamady-nexR_0036
G2.T6.R2.TP1,PE-PL2,A,2,Experiment,MCMN-27-5,West-6,West,Negative,R2,1,ST2_5,AACCGGTT,P5-Hamady-nexF_0007,GAGAGAGA,TCTCTCTC,P7-Hamady-nexR_0028
G2.T6.R2.TP2,PE-PL7,H,2,Experiment,MCMN-27-5,West-6,West,Negative,R2,2,ST2_7,GTAGCTTG,P5-Hamady-nexF_0089,GTAGACCT,AGGTCTAC,P7-Hamady-nexR_0033
G2.T6.R4.TP1,PE-PL2,A,11,Experiment,MCMN-27-5,West-6,West,Negative,R4,1,ST2_5,TGGACTAC,P5-Hamady-nexF_0091,CCGCTTAT,ATAAGCGG,P7-Hamady-nexR_0025
G2.T6.R4.TP2,PE-PL5,F,4,Experiment,MCMN-27-5,West-6,West,Negative,R4,2,ST2_6,ACGATGCT,P5-Hamady-nexF_0058,ACTCTGTC,GACAGAGT,P7-Hamady-nexR_0016
G2.T6.R5.TP1,PE-PL6,F,7,Experiment,MCMN-27-5,West-6,West,Negative,R5,1,ST2_2,ACGAGAAC,P5-Hamady-nexF_0079,ACCTTGCT,AGCAAGGT,P7-Hamady-nexR_0002
G2.T6.R5.TP2,PE-PL5,D,1,Experiment,MCMN-27-5,West-6,West,Negative,R5,2,ST2_6,TGGTGAAG,P5-Hamady-nexF_0061,TTGCTACC,GGTAGCAA,P7-Hamady-nexR_0003
G3.T1.R1.TP1,PE-PL4,F,7,Experiment,BESC-405,West-3,West,Alternaria,R1,1,ST2_4,TCTCAGAG,P5-Hamady-nexF_0072,ACCTTGCT,AGCAAGGT,P7-Hamady-nexR_0002
G3.T1.R1.TP2,PE-PL6,G,8,Experiment,BESC-405,West-3,West,Alternaria,R1,2,ST2_2,ACGAGAAC,P5-Hamady-nexF_0079,TGACTGTG,CACAGTCA,P7-Hamady-nexR_0022
G3.T1.R2.TP1,PE-PL4,C,7,Experiment,BESC-405,West-3,West,Alternaria,R2,1,ST2_4,GTGTACTG,P5-Hamady-nexF_0047,CAAGCAAG,CTTGCTTG,P7-Hamady-nexR_0014
G3.T1.R2.TP2,PE-PL6,B,1,Experiment,BESC-405,West-3,West,Alternaria,R2,2,ST2_2,GGCCATAT,P5-Hamady-nexF_0001,ACCTTGCT,AGCAAGGT,P7-Hamady-nexR_0002
G3.T1.R3.TP1,PE-PL1,G,10,Experiment,BESC-405,West-3,West,Alternaria,R3,1,ST2_3,CTGATCTC,P5-Hamady-nexF_0082,TGTGAGAG,CTCTCACA,P7-Hamady-nexR_0018
G3.T1.R3.TP2,PE-PL3,F,11,Experiment,BESC-405,West-3,West,Alternaria,R3,2,ST2_8,AGTGGTGA,P5-Hamady-nexF_0010,AGAGACAC,GTGTCTCT,P7-Hamady-nexR_0001
G3.T1.R4.TP1,PE-PL2,B,10,Experiment,BESC-405,West-3,West,Alternaria,R4,1,ST2_5,TGGACTAC,P5-Hamady-nexF_0091,ACTCTGTC,GACAGAGT,P7-Hamady-nexR_0016
G3.T1.R4.TP2,PE-PL7,E,6,Experiment,BESC-405,West-3,West,Alternaria,R4,2,ST2_7,GTAGCTTG,P5-Hamady-nexF_0089,CGTTCCTA,TAGGAACG,P7-Hamady-nexR_0009
G3.T1.R5.TP1,PE-PL6,D,3,Experiment,BESC-405,West-3,West,Alternaria,R5,1,ST2_2,GGCCATAT,P5-Hamady-nexF_0001,TTCCATGC,GCATGGAA,P7-Hamady-nexR_0006
G3.T1.R5.TP2,PE-PL5,E,7,Experiment,BESC-405,West-3,West,Alternaria,R5,2,ST2_6,CGCGATTA,P5-Hamady-nexF_0070,GTGTCTCT,AGAGACAC,P7-Hamady-nexR_0031
G3.T2.R1.TP1,PE-PL2,B,9,Experiment,BESC-405,West-3,West,Cladosporium,R1,1,ST2_5,TGGACTAC,P5-Hamady-nexF_0091,TGTCGACA,TGTCGACA,P7-Hamady-nexR_0029
G3.T2.R1.TP2,PE-PL6,G,1,Experiment,BESC-405,West-3,West,Cladosporium,R1,2,ST2_2,CTTGTCCA,P5-Hamady-nexF_0037,CAAGCAAG,CTTGCTTG,P7-Hamady-nexR_0014
G3.T2.R2.TP1,PE-PL4,E,8,Experiment,BESC-405,West-3,West,Cladosporium,R2,1,ST2_4,TCTCAGAG,P5-Hamady-nexF_0072,GAGAGAGA,TCTCTCTC,P7-Hamady-nexR_0028
G3.T2.R2.TP2,PE-PL4,H,6,Experiment,BESC-405,West-3,West,Cladosporium,R2,2,ST2_4,AACCTTCC,P5-Hamady-nexF_0016,AACGAACG,CGTTCGTT,P7-Hamady-nexR_0007
G3.T2.R3.TP1,PE-PL4,C,12,Experiment,BESC-405,West-3,West,Cladosporium,R3,1,ST2_4,GTGTACTG,P5-Hamady-nexF_0047,CCTAGGAT,ATCCTAGG,P7-Hamady-nexR_0017
G3.T2.R3.TP2,PE-PL5,B,7,Experiment,BESC-405,West-3,West,Cladosporium,R3,2,ST2_6,GACAACTC,P5-Hamady-nexF_0067,ACCTTGCT,AGCAAGGT,P7-Hamady-nexR_0002
G3.T2.R4.TP1,PE-PL1,F,7,Experiment,BESC-405,West-3,West,Cladosporium,R4,1,ST2_3,CTGATCTC,P5-Hamady-nexF_0082,ACCTTGCT,AGCAAGGT,P7-Hamady-nexR_0002
G3.T2.R4.TP2,PE-PL4,D,11,Experiment,BESC-405,West-3,West,Cladosporium,R4,2,ST2_4,GTGTACTG,P5-Hamady-nexF_0047,CATGTGCA,TGCACATG,P7-Hamady-nexR_0021
G3.T2.R5.TP1,PE-PL2,E,12,Experiment,BESC-405,West-3,West,Cladosporium,R5,1,ST2_5,CCATTAGG,P5-Hamady-nexF_0095,CGTTCCTA,TAGGAACG,P7-Hamady-nexR_0009
G3.T2.R5.TP2,PE-PL2,C,8,Experiment,BESC-405,West-3,West,Cladosporium,R5,2,ST2_5,TGGACTAC,P5-Hamady-nexF_0091,TGACTGTG,CACAGTCA,P7-Hamady-nexR_0022
G3.T3.R1.TP1,PE-PL2,E,4,Experiment,BESC-405,West-3,West,Fusarium,R1,1,ST2_5,GATCACCA,P5-Hamady-nexF_0044,AACGTTGC,GCAACGTT,P7-Hamady-nexR_0035
G3.T3.R1.TP2,PE-PL6,G,12,Experiment,BESC-405,West-3,West,Fusarium,R1,2,ST2_2,ACGAGAAC,P5-Hamady-nexF_0079,CCTAGGAT,ATCCTAGG,P7-Hamady-nexR_0017
G3.T3.R2.TP1,PE-PL7,H,10,Experiment,BESC-405,West-3,West,Fusarium,R2,1,ST2_7,ATCGGCAT,P5-Hamady-nexF_0024,GTACCAAC,GTTGGTAC,P7-Hamady-nexR_0008
G3.T3.R2.TP2,PE-PL2,C,6,Experiment,BESC-405,West-3,West,Fusarium,R2,2,ST2_5,AACCGGTT,P5-Hamady-nexF_0007,CCTAGGAT,ATCCTAGG,P7-Hamady-nexR_0017
G3.T3.R4.TP1,PE-PL2,G,3,Experiment,BESC-405,West-3,West,Fusarium,R4,1,ST2_5,GATCACCA,P5-Hamady-nexF_0044,TCTCACTG,CAGTGAGA,P7-Hamady-nexR_0034
G3.T3.R4.TP2,PE-PL1,C,8,Experiment,BESC-405,West-3,West,Fusarium,R4,2,ST2_3,GCATCGAT,P5-Hamady-nexF_0032,TGACTGTG,CACAGTCA,P7-Hamady-nexR_0022
G3.T3.R5.TP1,PE-PL2,H,9,Experiment,BESC-405,West-3,West,Fusarium,R5,1,ST2_5,CCATTAGG,P5-Hamady-nexF_0095,TTCCATGC,GCATGGAA,P7-Hamady-nexR_0006
G3.T3.R5.TP2,PE-PL2,A,6,Experiment,BESC-405,West-3,West,Fusarium,R5,2,ST2_5,AACCGGTT,P5-Hamady-nexF_0007,CGTTCCTA,TAGGAACG,P7-Hamady-nexR_0009
G3.T4.R1.TP1,PE-PL1,C,7,Experiment,BESC-405,West-3,West,Aureobasidium,R1,1,ST2_3,GCATCGAT,P5-Hamady-nexF_0032,CAAGCAAG,CTTGCTTG,P7-Hamady-nexR_0014
G3.T4.R1.TP2,PE-PL2,D,4,Experiment,BESC-405,West-3,West,Aureobasidium,R1,2,ST2_5,AACCGGTT,P5-Hamady-nexF_0007,GTACCAAC,GTTGGTAC,P7-Hamady-nexR_0008
G3.T4.R2.TP1,PE-PL2,C,12,Experiment,BESC-405,West-3,West,Aureobasidium,R2,1,ST2_5,TGGACTAC,P5-Hamady-nexF_0091,CCTAGGAT,ATCCTAGG,P7-Hamady-nexR_0017
G3.T4.R2.TP2,PE-PL1,G,7,Experiment,BESC-405,West-3,West,Aureobasidium,R2,2,ST2_3,CTGATCTC,P5-Hamady-nexF_0082,CAAGCAAG,CTTGCTTG,P7-Hamady-nexR_0014
G3.T4.R3.TP1,PE-PL7,D,5,Experiment,BESC-405,West-3,West,Aureobasidium,R3,1,ST2_7,TCGTAGCA,P5-Hamady-nexF_0053,CATGTGCA,TGCACATG,P7-Hamady-nexR_0021
G3.T4.R3.TP2,PE-PL4,B,7,Experiment,BESC-405,West-3,West,Aureobasidium,R3,2,ST2_4,GTGTACTG,P5-Hamady-nexF_0047,ACCTTGCT,AGCAAGGT,P7-Hamady-nexR_0002
G3.T4.R4.TP1,PE-PL7,G,10,Experiment,BESC-405,West-3,West,Aureobasidium,R4,1,ST2_7,ATCGGCAT,P5-Hamady-nexF_0024,TGTGAGAG,CTCTCACA,P7-Hamady-nexR_0018
G3.T4.R4.TP2,PE-PL1,E,1,Experiment,BESC-405,West-3,West,Aureobasidium,R4,2,ST2_3,AGTCCACA,P5-Hamady-nexF_0077,GTGTCTCT,AGAGACAC,P7-Hamady-nexR_0031
G3.T4.R5.TP1,PE-PL4,H,3,Experiment,BESC-405,West-3,West,Aureobasidium,R5,1,ST2_4,AACCTTCC,P5-Hamady-nexF_0016,TTCCATGC,GCATGGAA,P7-Hamady-nexR_0006
G3.T4.R5.TP2,PE-PL6,B,11,Experiment,BESC-405,West-3,West,Aureobasidium,R5,2,ST2_2,TAGGCGTT,P5-Hamady-nexF_0041,AGAGACAC,GTGTCTCT,P7-Hamady-nexR_0001
G3.T5.R1.TP1,PE-PL6,C,7,Experiment,BESC-405,West-3,West,Dioszegia,R1,1,ST2_2,TAGGCGTT,P5-Hamady-nexF_0041,CAAGCAAG,CTTGCTTG,P7-Hamady-nexR_0014
G3.T5.R1.TP2,PE-PL3,C,2,Experiment,BESC-405,West-3,West,Dioszegia,R1,2,ST2_8,CACTTCTG,P5-Hamady-nexF_0013,TGACTGTG,CACAGTCA,P7-Hamady-nexR_0022
G3.T5.R2.TP1,PE-PL1,B,6,Experiment,BESC-405,West-3,West,Dioszegia,R2,1,ST2_3,TTCGATGG,P5-Hamady-nexF_0002,AGGAACCA,TGGTTCCT,P7-Hamady-nexR_0036
G3.T5.R2.TP2,PE-PL3,F,6,Experiment,BESC-405,West-3,West,Dioszegia,R2,2,ST2_8,TGACGAGA,P5-Hamady-nexF_0052,AGGAACCA,TGGTTCCT,P7-Hamady-nexR_0036
G3.T5.R3.TP1,PE-PL1,A,4,Experiment,BESC-405,West-3,West,Dioszegia,R3,1,ST2_3,TTCGATGG,P5-Hamady-nexF_0002,AACGTTGC,GCAACGTT,P7-Hamady-nexR_0035
G3.T5.R3.TP2,PE-PL6,F,3,Experiment,BESC-405,West-3,West,Dioszegia,R3,2,ST2_2,CTTGTCCA,P5-Hamady-nexF_0037,TGTCGACA,TGTCGACA,P7-Hamady-nexR_0029
G3.T5.R4.TP1,PE-PL2,D,3,Experiment,BESC-405,West-3,West,Dioszegia,R4,1,ST2_5,AACCGGTT,P5-Hamady-nexF_0007,TTCCATGC,GCATGGAA,P7-Hamady-nexR_0006
G3.T5.R4.TP2,PE-PL2,A,8,Experiment,BESC-405,West-3,West,Dioszegia,R4,2,ST2_5,TGGACTAC,P5-Hamady-nexF_0091,GAGAGAGA,TCTCTCTC,P7-Hamady-nexR_0028
G3.T5.R5.TP1,PE-PL1,F,1,Experiment,BESC-405,West-3,West,Dioszegia,R5,1,ST2_3,AGTCCACA,P5-Hamady-nexF_0077,ACCTTGCT,AGCAAGGT,P7-Hamady-nexR_0002
G3.T5.R5.TP2,PE-PL7,D,11,Experiment,BESC-405,West-3,West,Dioszegia,R5,2,ST2_7,TATAGCGC,P5-Hamady-nexF_0021,CATGTGCA,TGCACATG,P7-Hamady-nexR_0021
G3.T6.R1.TP1,PE-PL5,D,7,Experiment,BESC-405,West-3,West,Negative,R1,1,ST2_6,GACAACTC,P5-Hamady-nexF_0067,TTGCTACC,GGTAGCAA,P7-Hamady-nexR_0003
G3.T6.R2.TP1,PE-PL1,A,6,Experiment,BESC-405,West-3,West,Negative,R2,1,ST2_3,TTCGATGG,P5-Hamady-nexF_0002,CGTTCCTA,TAGGAACG,P7-Hamady-nexR_0009
G3.T6.R2.TP2,PE-PL3,C,7,Experiment,BESC-405,West-3,West,Negative,R2,2,ST2_8,CCAATTCC,P5-Hamady-nexF_0068,CAAGCAAG,CTTGCTTG,P7-Hamady-nexR_0014
G3.T6.R3.TP1,PE-PL1,B,11,Experiment,BESC-405,West-3,West,Negative,R3,1,ST2_3,GCATCGAT,P5-Hamady-nexF_0032,AGAGACAC,GTGTCTCT,P7-Hamady-nexR_0001
G3.T6.R3.TP2,PE-PL4,E,6,Experiment,BESC-405,West-3,West,Negative,R3,2,ST2_4,AACCTTCC,P5-Hamady-nexF_0016,CGTTCCTA,TAGGAACG,P7-Hamady-nexR_0009
G3.T6.R4.TP1,PE-PL1,H,9,Experiment,BESC-405,West-3,West,Negative,R4,1,ST2_3,CTGATCTC,P5-Hamady-nexF_0082,TTCCATGC,GCATGGAA,P7-Hamady-nexR_0006
G3.T6.R4.TP2,PE-PL5,E,10,Experiment,BESC-405,West-3,West,Negative,R4,2,ST2_6,CGCGATTA,P5-Hamady-nexF_0070,AACGTTGC,GCAACGTT,P7-Hamady-nexR_0035
G3.T6.R5.TP1,PE-PL4,H,10,Experiment,BESC-405,West-3,West,Negative,R5,1,ST2_4,TCTCAGAG,P5-Hamady-nexF_0072,GTACCAAC,GTTGGTAC,P7-Hamady-nexR_0008
G3.T6.R5.TP2,PE-PL4,B,6,Experiment,BESC-405,West-3,West,Negative,R5,2,ST2_4,AGAGCAGT,P5-Hamady-nexF_0005,AGGAACCA,TGGTTCCT,P7-Hamady-nexR_0036
G4.T1.R1.TP1,PE-PL3,H,2,Experiment,BESC-430,West-4,West,Alternaria,R1,1,ST2_8,TGACGAGA,P5-Hamady-nexF_0052,GTAGACCT,AGGTCTAC,P7-Hamady-nexR_0033
G4.T1.R1.TP2,PE-PL6,D,5,Experiment,BESC-430,West-4,West,Alternaria,R1,2,ST2_2,GGCCATAT,P5-Hamady-nexF_0001,CATGTGCA,TGCACATG,P7-Hamady-nexR_0021
G4.T1.R2.TP1,PE-PL4,A,6,Experiment,BESC-430,West-4,West,Alternaria,R2,1,ST2_4,AGAGCAGT,P5-Hamady-nexF_0005,CGTTCCTA,TAGGAACG,P7-Hamady-nexR_0009
G4.T1.R2.TP2,PE-PL2,A,7,Experiment,BESC-430,West-4,West,Alternaria,R2,2,ST2_5,TGGACTAC,P5-Hamady-nexF_0091,GTGTCTCT,AGAGACAC,P7-Hamady-nexR_0031
G4.T1.R3.TP1,PE-PL2,G,7,Experiment,BESC-430,West-4,West,Alternaria,R3,1,ST2_5,CCATTAGG,P5-Hamady-nexF_0095,CAAGCAAG,CTTGCTTG,P7-Hamady-nexR_0014
G4.T1.R3.TP2,PE-PL1,C,5,Experiment,BESC-430,West-4,West,Alternaria,R3,2,ST2_3,TTCGATGG,P5-Hamady-nexF_0002,GAGTACAG,CTGTACTC,P7-Hamady-nexR_0005
G4.T1.R4.TP1,PE-PL1,F,2,Experiment,BESC-430,West-4,West,Alternaria,R4,1,ST2_3,AGTCCACA,P5-Hamady-nexF_0077,TTCGTTCG,CGAACGAA,P7-Hamady-nexR_0013
G4.T1.R4.TP2,PE-PL6,H,8,Experiment,BESC-430,West-4,West,Alternaria,R4,2,ST2_2,ACGAGAAC,P5-Hamady-nexF_0079,GTAGACCT,AGGTCTAC,P7-Hamady-nexR_0033
G4.T1.R5.TP1,PE-PL2,F,7,Experiment,BESC-430,West-4,West,Alternaria,R5,1,ST2_5,CCATTAGG,P5-Hamady-nexF_0095,ACCTTGCT,AGCAAGGT,P7-Hamady-nexR_0002
G4.T1.R5.TP2,PE-PL5,F,8,Experiment,BESC-430,West-4,West,Alternaria,R5,2,ST2_6,CGCGATTA,P5-Hamady-nexF_0070,TTCGTTCG,CGAACGAA,P7-Hamady-nexR_0013
G4.T2.R1.TP1,PE-PL3,B,2,Experiment,BESC-430,West-4,West,Cladosporium,R1,1,ST2_8,CACTTCTG,P5-Hamady-nexF_0013,TTCGTTCG,CGAACGAA,P7-Hamady-nexR_0013
G4.T2.R1.TP2,PE-PL5,G,12,Experiment,BESC-430,West-4,West,Cladosporium,R1,2,ST2_6,CGCGATTA,P5-Hamady-nexF_0070,CCTAGGAT,ATCCTAGG,P7-Hamady-nexR_0017
G4.T2.R2.TP1,PE-PL6,B,2,Experiment,BESC-430,West-4,West,Cladosporium,R2,1,ST2_2,GGCCATAT,P5-Hamady-nexF_0001,TTCGTTCG,CGAACGAA,P7-Hamady-nexR_0013
G4.T2.R2.TP2,PE-PL6,C,9,Experiment,BESC-430,West-4,West,Cladosporium,R2,2,ST2_2,TAGGCGTT,P5-Hamady-nexF_0041,TCTCACTG,CAGTGAGA,P7-Hamady-nexR_0034
G4.T2.R4.TP1,PE-PL6,C,10,Experiment,BESC-430,West-4,West,Cladosporium,R4,1,ST2_2,TAGGCGTT,P5-Hamady-nexF_0041,TGTGAGAG,CTCTCACA,P7-Hamady-nexR_0018
G4.T2.R4.TP2,PE-PL4,D,4,Experiment,BESC-430,West-4,West,Cladosporium,R4,2,ST2_4,AGAGCAGT,P5-Hamady-nexF_0005,GTACCAAC,GTTGGTAC,P7-Hamady-nexR_0008
G4.T2.R5.TP1,PE-PL5,E,9,Experiment,BESC-430,West-4,West,Cladosporium,R4,1,ST2_6,CGCGATTA,P5-Hamady-nexF_0070,ACCAGTAC,GTACTGGT,P7-Hamady-nexR_0020
G4.T2.R5.TP2,PE-PL2,H,4,Experiment,BESC-430,West-4,West,Cladosporium,R5,2,ST2_5,GATCACCA,P5-Hamady-nexF_0044,GTACCAAC,GTTGGTAC,P7-Hamady-nexR_0008
G4.T3.R1.TP1,PE-PL7,F,10,Experiment,BESC-430,West-4,West,Fusarium,R1,1,ST2_7,ATCGGCAT,P5-Hamady-nexF_0024,ACTCTGTC,GACAGAGT,P7-Hamady-nexR_0016
G4.T3.R1.TP2,PE-PL3,D,1,Experiment,BESC-430,West-4,West,Fusarium,R1,2,ST2_8,CACTTCTG,P5-Hamady-nexF_0013,TTGCTACC,GGTAGCAA,P7-Hamady-nexR_0003
G4.T3.R2.TP1,PE-PL4,G,6,Experiment,BESC-430,West-4,West,Fusarium,R2,1,ST2_4,AACCTTCC,P5-Hamady-nexF_0016,CCTAGGAT,ATCCTAGG,P7-Hamady-nexR_0017
G4.T3.R2.TP2,PE-PL5,H,5,Experiment,BESC-430,West-4,West,Fusarium,R2,2,ST2_6,ACGATGCT,P5-Hamady-nexF_0058,CATGTGCA,TGCACATG,P7-Hamady-nexR_0021
G4.T3.R3.TP1,PE-PL4,F,4,Experiment,BESC-430,West-4,West,Fusarium,R3,1,ST2_4,AACCTTCC,P5-Hamady-nexF_0016,ACTCTGTC,GACAGAGT,P7-Hamady-nexR_0016
G4.T3.R3.TP2,PE-PL5,F,9,Experiment,BESC-430,West-4,West,Fusarium,R3,2,ST2_6,CGCGATTA,P5-Hamady-nexF_0070,TGTCGACA,TGTCGACA,P7-Hamady-nexR_0029
G4.T3.R4.TP1,PE-PL3,E,3,Experiment,BESC-430,West-4,West,Fusarium,R4,1,ST2_8,TGACGAGA,P5-Hamady-nexF_0052,ACCAGTAC,GTACTGGT,P7-Hamady-nexR_0020
G4.T3.R4.TP2,PE-PL6,C,1,Experiment,BESC-430,West-4,West,Fusarium,R4,2,ST2_2,GGCCATAT,P5-Hamady-nexF_0001,CAAGCAAG,CTTGCTTG,P7-Hamady-nexR_0014
G4.T3.R5.TP2,PE-PL7,F,11,Experiment,BESC-430,West-4,West,Fusarium,R5,2,ST2_7,ATCGGCAT,P5-Hamady-nexF_0024,AGAGACAC,GTGTCTCT,P7-Hamady-nexR_0001
G4.T4.R1.TP1,PE-PL1,E,12,Experiment,BESC-430,West-4,West,Aureobasidium,R1,1,ST2_3,CTGATCTC,P5-Hamady-nexF_0082,CGTTCCTA,TAGGAACG,P7-Hamady-nexR_0009
G4.T4.R1.TP2,PE-PL4,B,5,Experiment,BESC-430,West-4,West,Aureobasidium,R1,2,ST2_4,AGAGCAGT,P5-Hamady-nexF_0005,AGAGACAC,GTGTCTCT,P7-Hamady-nexR_0001
G4.T4.R2.TP1,PE-PL1,C,11,Experiment,BESC-430,West-4,West,Aureobasidium,R2,1,ST2_3,GCATCGAT,P5-Hamady-nexF_0032,GAGTACAG,CTGTACTC,P7-Hamady-nexR_0005
G4.T4.R3.TP1,PE-PL3,F,7,Experiment,BESC-430,West-4,West,Aureobasidium,R3,1,ST2_8,AGTGGTGA,P5-Hamady-nexF_0010,ACCTTGCT,AGCAAGGT,P7-Hamady-nexR_0002
G4.T4.R3.TP2,PE-PL7,A,5,Experiment,BESC-430,West-4,West,Aureobasidium,R3,2,ST2_7,TCGTAGCA,P5-Hamady-nexF_0053,CCGCTTAT,ATAAGCGG,P7-Hamady-nexR_0025
G4.T4.R4.TP1,PE-PL5,E,5,Experiment,BESC-430,West-4,West,Aureobasidium,R4,1,ST2_6,ACGATGCT,P5-Hamady-nexF_0058,CCGCTTAT,ATAAGCGG,P7-Hamady-nexR_0025
G4.T4.R4.TP2,PE-PL7,C,6,Experiment,BESC-430,West-4,West,Aureobasidium,R4,2,ST2_7,TCGTAGCA,P5-Hamady-nexF_0053,CCTAGGAT,ATCCTAGG,P7-Hamady-nexR_0017
G4.T4.R5.TP1,PE-PL2,C,1,Experiment,BESC-430,West-4,West,Aureobasidium,R5,1,ST2_5,AACCGGTT,P5-Hamady-nexF_0007,CAAGCAAG,CTTGCTTG,P7-Hamady-nexR_0014
G4.T4.R5.TP2,PE-PL4,B,2,Experiment,BESC-430,West-4,West,Aureobasidium,R5,2,ST2_4,AGAGCAGT,P5-Hamady-nexF_0005,TTCGTTCG,CGAACGAA,P7-Hamady-nexR_0013
G4.T5.R1.TP1,PE-PL1,H,3,Experiment,BESC-430,West-4,West,Dioszegia,R1,1,ST2_3,AGTCCACA,P5-Hamady-nexF_0077,TTCCATGC,GCATGGAA,P7-Hamady-nexR_0006
G4.T5.R1.TP2,PE-PL5,E,11,Experiment,BESC-430,West-4,West,Dioszegia,R1,2,ST2_6,CGCGATTA,P5-Hamady-nexF_0070,CCGCTTAT,ATAAGCGG,P7-Hamady-nexR_0025
G4.T5.R2.TP1,PE-PL4,C,5,Experiment,BESC-430,West-4,West,Dioszegia,R2,1,ST2_4,AGAGCAGT,P5-Hamady-nexF_0005,GAGTACAG,CTGTACTC,P7-Hamady-nexR_0005
G4.T5.R2.TP2,PE-PL1,F,9,Experiment,BESC-430,West-4,West,Dioszegia,R2,2,ST2_3,CTGATCTC,P5-Hamady-nexF_0082,TGTCGACA,TGTCGACA,P7-Hamady-nexR_0029
G4.T5.R3.TP1,PE-PL6,C,3,Experiment,BESC-430,West-4,West,Dioszegia,R3,1,ST2_2,GGCCATAT,P5-Hamady-nexF_0001,TCTCACTG,CAGTGAGA,P7-Hamady-nexR_0034
G4.T5.R3.TP2,PE-PL6,C,4,Experiment,BESC-430,West-4,West,Dioszegia,R3,2,ST2_2,GGCCATAT,P5-Hamady-nexF_0001,TGTGAGAG,CTCTCACA,P7-Hamady-nexR_0018
G4.T5.R4.TP1,PE-PL3,A,11,Experiment,BESC-430,West-4,West,Dioszegia,R4,1,ST2_8,CCAATTCC,P5-Hamady-nexF_0068,CCGCTTAT,ATAAGCGG,P7-Hamady-nexR_0025
G4.T5.R4.TP2,PE-PL5,C,1,Experiment,BESC-430,West-4,West,Dioszegia,R4,2,ST2_6,TGGTGAAG,P5-Hamady-nexF_0061,CAAGCAAG,CTTGCTTG,P7-Hamady-nexR_0014
G4.T5.R5.TP1,PE-PL5,E,1,Experiment,BESC-430,West-4,West,Dioszegia,R5,1,ST2_6,ACGATGCT,P5-Hamady-nexF_0058,GTGTCTCT,AGAGACAC,P7-Hamady-nexR_0031
G4.T5.R5.TP2,PE-PL4,E,4,Experiment,BESC-430,West-4,West,Dioszegia,R5,2,ST2_4,AACCTTCC,P5-Hamady-nexF_0016,AACGTTGC,GCAACGTT,P7-Hamady-nexR_0035
G4.T6.R1.TP1,PE-PL1,D,5,Experiment,BESC-430,West-4,West,Negative,R1,1,ST2_3,TTCGATGG,P5-Hamady-nexF_0002,CATGTGCA,TGCACATG,P7-Hamady-nexR_0021
G4.T6.R1.TP2,PE-PL6,H,7,Experiment,BESC-430,West-4,West,Negative,R1,2,ST2_2,ACGAGAAC,P5-Hamady-nexF_0079,TTGCTACC,GGTAGCAA,P7-Hamady-nexR_0003
G4.T6.R2.TP1,PE-PL3,C,9,Experiment,BESC-430,West-4,West,Negative,R2,1,ST2_8,CCAATTCC,P5-Hamady-nexF_0068,TCTCACTG,CAGTGAGA,P7-Hamady-nexR_0034
G4.T6.R2.TP2,PE-PL3,B,8,Experiment,BESC-430,West-4,West,Negative,R2,2,ST2_8,CCAATTCC,P5-Hamady-nexF_0068,TTCGTTCG,CGAACGAA,P7-Hamady-nexR_0013
G4.T6.R3.TP1,PE-PL4,F,10,Experiment,BESC-430,West-4,West,Negative,R3,1,ST2_4,TCTCAGAG,P5-Hamady-nexF_0072,ACTCTGTC,GACAGAGT,P7-Hamady-nexR_0016
G4.T6.R3.TP2,PE-PL7,G,2,Experiment,BESC-430,West-4,West,Negative,R3,2,ST2_7,GTAGCTTG,P5-Hamady-nexF_0089,TGACTGTG,CACAGTCA,P7-Hamady-nexR_0022
G4.T6.R4.TP1,PE-PL5,C,9,Experiment,BESC-430,West-4,West,Negative,R4,1,ST2_6,GACAACTC,P5-Hamady-nexF_0067,TCTCACTG,CAGTGAGA,P7-Hamady-nexR_0034
G4.T6.R4.TP2,PE-PL2,C,7,Experiment,BESC-430,West-4,West,Negative,R4,2,ST2_5,TGGACTAC,P5-Hamady-nexF_0091,CAAGCAAG,CTTGCTTG,P7-Hamady-nexR_0014
G4.T6.R5.TP1,PE-PL5,F,6,Experiment,BESC-430,West-4,West,Negative,R5,1,ST2_6,ACGATGCT,P5-Hamady-nexF_0058,AGGAACCA,TGGTTCCT,P7-Hamady-nexR_0036
G4.T6.R5.TP2,PE-PL1,B,2,Experiment,BESC-430,West-4,West,Negative,R5,2,ST2_3,TTCGATGG,P5-Hamady-nexF_0002,TTCGTTCG,CGAACGAA,P7-Hamady-nexR_0013
G5.T1.R1.TP1,PE-PL6,A,6,Experiment,CW-1207,East-3,East,Alternaria,R1,1,ST2_2,GGCCATAT,P5-Hamady-nexF_0001,CGTTCCTA,TAGGAACG,P7-Hamady-nexR_0009
G5.T1.R1.TP2,PE-PL7,F,5,Experiment,CW-1207,East-3,East,Alternaria,R1,2,ST2_7,GTAGCTTG,P5-Hamady-nexF_0089,AGAGACAC,GTGTCTCT,P7-Hamady-nexR_0001
G5.T1.R2.TP1,PE-PL4,C,4,Experiment,CW-1207,East-3,East,Alternaria,R2,1,ST2_4,AGAGCAGT,P5-Hamady-nexF_0005,TGTGAGAG,CTCTCACA,P7-Hamady-nexR_0018
G5.T1.R2.TP2,PE-PL1,G,2,Experiment,CW-1207,East-3,East,Alternaria,R2,2,ST2_3,AGTCCACA,P5-Hamady-nexF_0077,TGACTGTG,CACAGTCA,P7-Hamady-nexR_0022
G5.T1.R3.TP1,PE-PL1,B,12,Experiment,CW-1207,East-3,East,Alternaria,R3,1,ST2_3,GCATCGAT,P5-Hamady-nexF_0032,AGGAACCA,TGGTTCCT,P7-Hamady-nexR_0036
G5.T1.R3.TP2,PE-PL5,G,3,Experiment,CW-1207,East-3,East,Alternaria,R3,2,ST2_6,ACGATGCT,P5-Hamady-nexF_0058,TCTCACTG,CAGTGAGA,P7-Hamady-nexR_0034
G5.T1.R4.TP1,PE-PL4,A,10,Experiment,CW-1207,East-3,East,Alternaria,R4,1,ST2_4,GTGTACTG,P5-Hamady-nexF_0047,AACGTTGC,GCAACGTT,P7-Hamady-nexR_0035
G5.T1.R4.TP2,PE-PL7,A,11,Experiment,CW-1207,East-3,East,Alternaria,R4,2,ST2_7,TATAGCGC,P5-Hamady-nexF_0021,CCGCTTAT,ATAAGCGG,P7-Hamady-nexR_0025
G5.T2.R1.TP1,PE-PL4,H,5,Experiment,CW-1207,East-3,East,Cladosporium,R1,1,ST2_4,AACCTTCC,P5-Hamady-nexF_0016,CATGTGCA,TGCACATG,P7-Hamady-nexR_0021
G5.T2.R1.TP2,PE-PL7,H,3,Experiment,CW-1207,East-3,East,Cladosporium,R1,2,ST2_7,GTAGCTTG,P5-Hamady-nexF_0089,TTCCATGC,GCATGGAA,P7-Hamady-nexR_0006
G5.T2.R2.TP1,PE-PL7,C,1,Experiment,CW-1207,East-3,East,Cladosporium,R2,1,ST2_7,TCGTAGCA,P5-Hamady-nexF_0053,CAAGCAAG,CTTGCTTG,P7-Hamady-nexR_0014
G5.T2.R2.TP2,PE-PL3,E,8,Experiment,CW-1207,East-3,East,Cladosporium,R2,2,ST2_8,AGTGGTGA,P5-Hamady-nexF_0010,GAGAGAGA,TCTCTCTC,P7-Hamady-nexR_0028
G5.T2.R3.TP1,PE-PL3,E,4,Experiment,CW-1207,East-3,East,Cladosporium,R3,1,ST2_8,TGACGAGA,P5-Hamady-nexF_0052,AACGTTGC,GCAACGTT,P7-Hamady-nexR_0035
G5.T2.R3.TP2,PE-PL1,H,8,Experiment,CW-1207,East-3,East,Cladosporium,R3,2,ST2_3,CTGATCTC,P5-Hamady-nexF_0082,GTAGACCT,AGGTCTAC,P7-Hamady-nexR_0033
G5.T2.R4.TP1,PE-PL1,A,8,Experiment,CW-1207,East-3,East,Cladosporium,R4,1,ST2_3,GCATCGAT,P5-Hamady-nexF_0032,GAGAGAGA,TCTCTCTC,P7-Hamady-nexR_0028
G5.T2.R4.TP2,PE-PL1,G,8,Experiment,CW-1207,East-3,East,Cladosporium,R4,2,ST2_3,CTGATCTC,P5-Hamady-nexF_0082,TGACTGTG,CACAGTCA,P7-Hamady-nexR_0022
G5.T3.R1.TP1,PE-PL4,G,7,Experiment,CW-1207,East-3,East,Fusarium,R1,1,ST2_4,TCTCAGAG,P5-Hamady-nexF_0072,CAAGCAAG,CTTGCTTG,P7-Hamady-nexR_0014
G5.T3.R1.TP2,PE-PL4,H,11,Experiment,CW-1207,East-3,East,Fusarium,R1,2,ST2_4,TCTCAGAG,P5-Hamady-nexF_0072,CATGTGCA,TGCACATG,P7-Hamady-nexR_0021
G5.T3.R2.TP1,PE-PL2,G,9,Experiment,CW-1207,East-3,East,Fusarium,R2,1,ST2_5,CCATTAGG,P5-Hamady-nexF_0095,TCTCACTG,CAGTGAGA,P7-Hamady-nexR_0034
G5.T3.R2.TP2,PE-PL3,G,8,Experiment,CW-1207,East-3,East,Fusarium,R2,2,ST2_8,AGTGGTGA,P5-Hamady-nexF_0010,TGACTGTG,CACAGTCA,P7-Hamady-nexR_0022
G5.T3.R3.TP1,PE-PL2,E,5,Experiment,CW-1207,East-3,East,Fusarium,R3,1,ST2_5,GATCACCA,P5-Hamady-nexF_0044,CCGCTTAT,ATAAGCGG,P7-Hamady-nexR_0025
G5.T3.R3.TP2,PE-PL6,F,9,Experiment,CW-1207,East-3,East,Fusarium,R3,2,ST2_2,ACGAGAAC,P5-Hamady-nexF_0079,TGTCGACA,TGTCGACA,P7-Hamady-nexR_0029
G5.T3.R4.TP1,PE-PL4,B,10,Experiment,CW-1207,East-3,East,Fusarium,R4,1,ST2_4,GTGTACTG,P5-Hamady-nexF_0047,ACTCTGTC,GACAGAGT,P7-Hamady-nexR_0016
G5.T3.R4.TP2,PE-PL6,F,12,Experiment,CW-1207,East-3,East,Fusarium,R4,2,ST2_2,ACGAGAAC,P5-Hamady-nexF_0079,AGGAACCA,TGGTTCCT,P7-Hamady-nexR_0036
G5.T4.R1.TP1,PE-PL6,H,6,Experiment,CW-1207,East-3,East,Aureobasidium,R1,1,ST2_2,CTTGTCCA,P5-Hamady-nexF_0037,AACGAACG,CGTTCGTT,P7-Hamady-nexR_0007
G5.T4.R1.TP2,PE-PL4,E,3,Experiment,CW-1207,East-3,East,Aureobasidium,R1,2,ST2_4,AACCTTCC,P5-Hamady-nexF_0016,ACCAGTAC,GTACTGGT,P7-Hamady-nexR_0020
G5.T4.R2.TP1,PE-PL3,G,5,Experiment,CW-1207,East-3,East,Aureobasidium,R2,1,ST2_8,TGACGAGA,P5-Hamady-nexF_0052,GAGTACAG,CTGTACTC,P7-Hamady-nexR_0005
G5.T4.R2.TP2,PE-PL4,G,10,Experiment,CW-1207,East-3,East,Aureobasidium,R2,2,ST2_4,TCTCAGAG,P5-Hamady-nexF_0072,TGTGAGAG,CTCTCACA,P7-Hamady-nexR_0018
G5.T4.R3.TP1,PE-PL2,C,2,Experiment,CW-1207,East-3,East,Aureobasidium,R3,1,ST2_5,AACCGGTT,P5-Hamady-nexF_0007,TGACTGTG,CACAGTCA,P7-Hamady-nexR_0022
G5.T4.R3.TP2,PE-PL5,A,6,Experiment,CW-1207,East-3,East,Aureobasidium,R3,2,ST2_6,TGGTGAAG,P5-Hamady-nexF_0061,CGTTCCTA,TAGGAACG,P7-Hamady-nexR_0009
G5.T4.R4.TP1,PE-PL7,C,3,Experiment,CW-1207,East-3,East,Aureobasidium,R4,1,ST2_7,TCGTAGCA,P5-Hamady-nexF_0053,TCTCACTG,CAGTGAGA,P7-Hamady-nexR_0034
G5.T4.R4.TP2,PE-PL1,E,9,Experiment,CW-1207,East-3,East,Aureobasidium,R4,2,ST2_3,CTGATCTC,P5-Hamady-nexF_0082,ACCAGTAC,GTACTGGT,P7-Hamady-nexR_0020
G5.T5.R1.TP1,PE-PL2,B,11,Experiment,CW-1207,East-3,East,Dioszegia,R1,1,ST2_5,TGGACTAC,P5-Hamady-nexF_0091,AGAGACAC,GTGTCTCT,P7-Hamady-nexR_0001
G5.T5.R1.TP2,PE-PL7,C,2,Experiment,CW-1207,East-3,East,Dioszegia,R1,2,ST2_7,TCGTAGCA,P5-Hamady-nexF_0053,TGACTGTG,CACAGTCA,P7-Hamady-nexR_0022
G5.T5.R3.TP1,PE-PL1,C,12,Experiment,CW-1207,East-3,East,Dioszegia,R3,1,ST2_3,GCATCGAT,P5-Hamady-nexF_0032,CCTAGGAT,ATCCTAGG,P7-Hamady-nexR_0017
G5.T5.R3.TP2,PE-PL7,B,4,Experiment,CW-1207,East-3,East,Dioszegia,R3,2,ST2_7,TCGTAGCA,P5-Hamady-nexF_0053,ACTCTGTC,GACAGAGT,P7-Hamady-nexR_0016
G5.T5.R4.TP1,PE-PL7,C,10,Experiment,CW-1207,East-3,East,Dioszegia,R4,1,ST2_7,TATAGCGC,P5-Hamady-nexF_0021,TGTGAGAG,CTCTCACA,P7-Hamady-nexR_0018
G5.T5.R4.TP2,PE-PL5,H,7,Experiment,CW-1207,East-3,East,Dioszegia,R4,2,ST2_6,CGCGATTA,P5-Hamady-nexF_0070,TTGCTACC,GGTAGCAA,P7-Hamady-nexR_0003
G5.T6.R1.TP1,PE-PL1,B,4,Experiment,CW-1207,East-3,East,Negative,R1,1,ST2_3,TTCGATGG,P5-Hamady-nexF_0002,ACTCTGTC,GACAGAGT,P7-Hamady-nexR_0016
G5.T6.R1.TP2,PE-PL6,E,9,Experiment,CW-1207,East-3,East,Negative,R1,2,ST2_2,ACGAGAAC,P5-Hamady-nexF_0079,ACCAGTAC,GTACTGGT,P7-Hamady-nexR_0020
G5.T6.R2.TP1,PE-PL2,D,6,Experiment,CW-1207,East-3,East,Negative,R2,1,ST2_5,AACCGGTT,P5-Hamady-nexF_0007,AACGAACG,CGTTCGTT,P7-Hamady-nexR_0007
G5.T6.R2.TP2,PE-PL4,A,9,Experiment,CW-1207,East-3,East,Negative,R2,2,ST2_4,GTGTACTG,P5-Hamady-nexF_0047,ACCAGTAC,GTACTGGT,P7-Hamady-nexR_0020
G5.T6.R3.TP1,PE-PL5,D,5,Experiment,CW-1207,East-3,East,Negative,R3,1,ST2_6,TGGTGAAG,P5-Hamady-nexF_0061,CATGTGCA,TGCACATG,P7-Hamady-nexR_0021
G5.T6.R3.TP2,PE-PL6,E,11,Experiment,CW-1207,East-3,East,Negative,R3,2,ST2_2,ACGAGAAC,P5-Hamady-nexF_0079,CCGCTTAT,ATAAGCGG,P7-Hamady-nexR_0025
G5.T6.R4.TP1,PE-PL2,B,7,Experiment,CW-1207,East-3,East,Negative,R4,1,ST2_5,TGGACTAC,P5-Hamady-nexF_0091,ACCTTGCT,AGCAAGGT,P7-Hamady-nexR_0002
G5.T6.R4.TP2,PE-PL6,C,6,Experiment,CW-1207,East-3,East,Negative,R4,2,ST2_2,GGCCATAT,P5-Hamady-nexF_0001,CCTAGGAT,ATCCTAGG,P7-Hamady-nexR_0017
G6.T1.R1.TP1,PE-PL3,F,5,Experiment,BESC-319,West-2,West,Alternaria,R1,1,ST2_8,TGACGAGA,P5-Hamady-nexF_0052,AGAGACAC,GTGTCTCT,P7-Hamady-nexR_0001
G6.T1.R1.TP2,PE-PL5,H,9,Experiment,BESC-319,West-2,West,Alternaria,R1,2,ST2_6,CGCGATTA,P5-Hamady-nexF_0070,TTCCATGC,GCATGGAA,P7-Hamady-nexR_0006
G6.T1.R2.TP1,PE-PL4,D,5,Experiment,BESC-319,West-2,West,Alternaria,R2,1,ST2_4,AGAGCAGT,P5-Hamady-nexF_0005,CATGTGCA,TGCACATG,P7-Hamady-nexR_0021
G6.T1.R2.TP2,PE-PL1,C,9,Experiment,BESC-319,West-2,West,Alternaria,R2,2,ST2_3,GCATCGAT,P5-Hamady-nexF_0032,TCTCACTG,CAGTGAGA,P7-Hamady-nexR_0034
G6.T1.R3.TP1,PE-PL3,E,5,Experiment,BESC-319,West-2,West,Alternaria,R3,1,ST2_8,TGACGAGA,P5-Hamady-nexF_0052,CCGCTTAT,ATAAGCGG,P7-Hamady-nexR_0025
G6.T1.R3.TP2,PE-PL1,E,6,Experiment,BESC-319,West-2,West,Alternaria,R3,2,ST2_3,AGTCCACA,P5-Hamady-nexF_0077,CGTTCCTA,TAGGAACG,P7-Hamady-nexR_0009
G6.T1.R4.TP1,PE-PL1,E,8,Experiment,BESC-319,West-2,West,Alternaria,R4,1,ST2_3,CTGATCTC,P5-Hamady-nexF_0082,GAGAGAGA,TCTCTCTC,P7-Hamady-nexR_0028
G6.T1.R4.TP2,PE-PL1,E,3,Experiment,BESC-319,West-2,West,Alternaria,R4,2,ST2_3,AGTCCACA,P5-Hamady-nexF_0077,ACCAGTAC,GTACTGGT,P7-Hamady-nexR_0020
G6.T1.R5.TP1,PE-PL1,A,11,Experiment,BESC-319,West-2,West,Alternaria,R5,1,ST2_3,GCATCGAT,P5-Hamady-nexF_0032,CCGCTTAT,ATAAGCGG,P7-Hamady-nexR_0025
G6.T1.R5.TP2,PE-PL4,A,5,Experiment,BESC-319,West-2,West,Alternaria,R5,2,ST2_4,AGAGCAGT,P5-Hamady-nexF_0005,CCGCTTAT,ATAAGCGG,P7-Hamady-nexR_0025
G6.T2.R1.TP1,PE-PL5,F,10,Experiment,BESC-319,West-2,West,Cladosporium,R1,1,ST2_6,CGCGATTA,P5-Hamady-nexF_0070,ACTCTGTC,GACAGAGT,P7-Hamady-nexR_0016
G6.T2.R1.TP2,PE-PL5,B,2,Experiment,BESC-319,West-2,West,Cladosporium,R1,2,ST2_6,TGGTGAAG,P5-Hamady-nexF_0061,TTCGTTCG,CGAACGAA,P7-Hamady-nexR_0013
G6.T2.R2.TP1,PE-PL4,B,11,Experiment,BESC-319,West-2,West,Cladosporium,R2,1,ST2_4,GTGTACTG,P5-Hamady-nexF_0047,AGAGACAC,GTGTCTCT,P7-Hamady-nexR_0001
G6.T2.R2.TP2,PE-PL5,D,8,Experiment,BESC-319,West-2,West,Cladosporium,R2,2,ST2_6,GACAACTC,P5-Hamady-nexF_0067,GTAGACCT,AGGTCTAC,P7-Hamady-nexR_0033
G6.T2.R3.TP1,PE-PL5,H,8,Experiment,BESC-319,West-2,West,Cladosporium,R3,1,ST2_6,CGCGATTA,P5-Hamady-nexF_0070,GTAGACCT,AGGTCTAC,P7-Hamady-nexR_0033
G6.T2.R3.TP2,PE-PL5,F,5,Experiment,BESC-319,West-2,West,Cladosporium,R3,2,ST2_6,ACGATGCT,P5-Hamady-nexF_0058,AGAGACAC,GTGTCTCT,P7-Hamady-nexR_0001
G6.T2.R4.TP2,PE-PL3,B,4,Experiment,BESC-319,West-2,West,Cladosporium,R4,2,ST2_8,CACTTCTG,P5-Hamady-nexF_0013,ACTCTGTC,GACAGAGT,P7-Hamady-nexR_0016
G6.T2.R5.TP1,PE-PL2,A,10,Experiment,BESC-319,West-2,West,Cladosporium,R5,1,ST2_5,TGGACTAC,P5-Hamady-nexF_0091,AACGTTGC,GCAACGTT,P7-Hamady-nexR_0035
G6.T2.R5.TP2,PE-PL2,A,9,Experiment,BESC-319,West-2,West,Cladosporium,R5,2,ST2_5,TGGACTAC,P5-Hamady-nexF_0091,ACCAGTAC,GTACTGGT,P7-Hamady-nexR_0020
G6.T3.R1.TP1,PE-PL6,B,4,Experiment,BESC-319,West-2,West,Fusarium,R1,1,ST2_2,GGCCATAT,P5-Hamady-nexF_0001,ACTCTGTC,GACAGAGT,P7-Hamady-nexR_0016
G6.T3.R1.TP2,PE-PL6,D,12,Experiment,BESC-319,West-2,West,Fusarium,R1,2,ST2_2,TAGGCGTT,P5-Hamady-nexF_0041,AACGAACG,CGTTCGTT,P7-Hamady-nexR_0007
G6.T3.R2.TP1,PE-PL6,A,5,Experiment,BESC-319,West-2,West,Fusarium,R2,1,ST2_2,GGCCATAT,P5-Hamady-nexF_0001,CCGCTTAT,ATAAGCGG,P7-Hamady-nexR_0025
G6.T3.R2.TP2,PE-PL2,D,7,Experiment,BESC-319,West-2,West,Fusarium,R2,2,ST2_5,TGGACTAC,P5-Hamady-nexF_0091,TTGCTACC,GGTAGCAA,P7-Hamady-nexR_0003
G6.T3.R4.TP1,PE-PL1,G,12,Experiment,BESC-319,West-2,West,Fusarium,R4,1,ST2_3,CTGATCTC,P5-Hamady-nexF_0082,CCTAGGAT,ATCCTAGG,P7-Hamady-nexR_0017
G6.T3.R4.TP2,PE-PL7,E,4,Experiment,BESC-319,West-2,West,Fusarium,R4,2,ST2_7,GTAGCTTG,P5-Hamady-nexF_0089,AACGTTGC,GCAACGTT,P7-Hamady-nexR_0035
G6.T3.R5.TP1,PE-PL6,A,10,Experiment,BESC-319,West-2,West,Fusarium,R5,1,ST2_2,TAGGCGTT,P5-Hamady-nexF_0041,AACGTTGC,GCAACGTT,P7-Hamady-nexR_0035
G6.T3.R5.TP2,PE-PL5,G,1,Experiment,BESC-319,West-2,West,Fusarium,R5,2,ST2_6,ACGATGCT,P5-Hamady-nexF_0058,CAAGCAAG,CTTGCTTG,P7-Hamady-nexR_0014
G6.T4.R1.TP1,PE-PL4,B,1,Experiment,BESC-319,West-2,West,Aureobasidium,R1,1,ST2_4,AGAGCAGT,P5-Hamady-nexF_0005,ACCTTGCT,AGCAAGGT,P7-Hamady-nexR_0002
G6.T4.R1.TP2,PE-PL6,G,5,Experiment,BESC-319,West-2,West,Aureobasidium,R1,2,ST2_2,CTTGTCCA,P5-Hamady-nexF_0037,GAGTACAG,CTGTACTC,P7-Hamady-nexR_0005
G6.T4.R2.TP1,PE-PL2,C,4,Experiment,BESC-319,West-2,West,Aureobasidium,R2,1,ST2_5,AACCGGTT,P5-Hamady-nexF_0007,TGTGAGAG,CTCTCACA,P7-Hamady-nexR_0018
G6.T4.R2.TP2,PE-PL6,D,2,Experiment,BESC-319,West-2,West,Aureobasidium,R2,2,ST2_2,GGCCATAT,P5-Hamady-nexF_0001,GTAGACCT,AGGTCTAC,P7-Hamady-nexR_0033
G6.T4.R3.TP1,PE-PL1,D,10,Experiment,BESC-319,West-2,West,Aureobasidium,R3,1,ST2_3,GCATCGAT,P5-Hamady-nexF_0032,GTACCAAC,GTTGGTAC,P7-Hamady-nexR_0008
G6.T4.R3.TP2,PE-PL4,B,8,Experiment,BESC-319,West-2,West,Aureobasidium,R3,2,ST2_4,GTGTACTG,P5-Hamady-nexF_0047,TTCGTTCG,CGAACGAA,P7-Hamady-nexR_0013
G6.T4.R4.TP1,PE-PL6,A,2,Experiment,BESC-319,West-2,West,Aureobasidium,R4,1,ST2_2,GGCCATAT,P5-Hamady-nexF_0001,GAGAGAGA,TCTCTCTC,P7-Hamady-nexR_0028
G6.T4.R4.TP2,PE-PL3,A,4,Experiment,BESC-319,West-2,West,Aureobasidium,R4,2,ST2_8,CACTTCTG,P5-Hamady-nexF_0013,AACGTTGC,GCAACGTT,P7-Hamady-nexR_0035
G6.T4.R5.TP1,PE-PL1,E,4,Experiment,BESC-319,West-2,West,Aureobasidium,R5,1,ST2_3,AGTCCACA,P5-Hamady-nexF_0077,AACGTTGC,GCAACGTT,P7-Hamady-nexR_0035
G6.T4.R5.TP2,PE-PL5,G,8,Experiment,BESC-319,West-2,West,Aureobasidium,R5,2,ST2_6,CGCGATTA,P5-Hamady-nexF_0070,TGACTGTG,CACAGTCA,P7-Hamady-nexR_0022
G6.T5.R1.TP1,PE-PL2,B,3,Experiment,BESC-319,West-2,West,Dioszegia,R1,1,ST2_5,AACCGGTT,P5-Hamady-nexF_0007,TGTCGACA,TGTCGACA,P7-Hamady-nexR_0029
G6.T5.R1.TP2,PE-PL7,A,2,Experiment,BESC-319,West-2,West,Dioszegia,R1,2,ST2_7,TCGTAGCA,P5-Hamady-nexF_0053,GAGAGAGA,TCTCTCTC,P7-Hamady-nexR_0028
G6.T5.R2.TP1,PE-PL1,D,12,Experiment,BESC-319,West-2,West,Dioszegia,R2,1,ST2_3,GCATCGAT,P5-Hamady-nexF_0032,AACGAACG,CGTTCGTT,P7-Hamady-nexR_0007
G6.T5.R2.TP2,PE-PL1,B,7,Experiment,BESC-319,West-2,West,Dioszegia,R2,2,ST2_3,GCATCGAT,P5-Hamady-nexF_0032,ACCTTGCT,AGCAAGGT,P7-Hamady-nexR_0002
G6.T5.R3.TP1,PE-PL3,B,9,Experiment,BESC-319,West-2,West,Dioszegia,R3,1,ST2_8,CCAATTCC,P5-Hamady-nexF_0068,TGTCGACA,TGTCGACA,P7-Hamady-nexR_0029
G6.T5.R3.TP2,PE-PL1,F,5,Experiment,BESC-319,West-2,West,Dioszegia,R3,2,ST2_3,AGTCCACA,P5-Hamady-nexF_0077,AGAGACAC,GTGTCTCT,P7-Hamady-nexR_0001
G6.T5.R4.TP1,PE-PL2,E,1,Experiment,BESC-319,West-2,West,Dioszegia,R4,1,ST2_5,GATCACCA,P5-Hamady-nexF_0044,GTGTCTCT,AGAGACAC,P7-Hamady-nexR_0031
G6.T5.R4.TP2,PE-PL4,C,2,Experiment,BESC-319,West-2,West,Dioszegia,R4,2,ST2_4,AGAGCAGT,P5-Hamady-nexF_0005,TGACTGTG,CACAGTCA,P7-Hamady-nexR_0022
G6.T5.R5.TP1,PE-PL3,E,2,Experiment,BESC-319,West-2,West,Dioszegia,R5,1,ST2_8,TGACGAGA,P5-Hamady-nexF_0052,GAGAGAGA,TCTCTCTC,P7-Hamady-nexR_0028
G6.T5.R5.TP2,PE-PL6,E,10,Experiment,BESC-319,West-2,West,Dioszegia,R5,2,ST2_2,ACGAGAAC,P5-Hamady-nexF_0079,AACGTTGC,GCAACGTT,P7-Hamady-nexR_0035
G6.T6.R1.TP1,PE-PL2,G,4,Experiment,BESC-319,West-2,West,Negative,R1,1,ST2_5,GATCACCA,P5-Hamady-nexF_0044,TGTGAGAG,CTCTCACA,P7-Hamady-nexR_0018
G6.T6.R1.TP2,PE-PL5,C,7,Experiment,BESC-319,West-2,West,Negative,R1,2,ST2_6,GACAACTC,P5-Hamady-nexF_0067,CAAGCAAG,CTTGCTTG,P7-Hamady-nexR_0014
G6.T6.R2.TP1,PE-PL3,F,10,Experiment,BESC-319,West-2,West,Negative,R2,1,ST2_8,AGTGGTGA,P5-Hamady-nexF_0010,ACTCTGTC,GACAGAGT,P7-Hamady-nexR_0016
G6.T6.R2.TP2,PE-PL1,A,2,Experiment,BESC-319,West-2,West,Negative,R2,2,ST2_3,TTCGATGG,P5-Hamady-nexF_0002,GAGAGAGA,TCTCTCTC,P7-Hamady-nexR_0028
G6.T6.R3.TP1,PE-PL1,G,9,Experiment,BESC-319,West-2,West,Negative,R3,1,ST2_3,CTGATCTC,P5-Hamady-nexF_0082,TCTCACTG,CAGTGAGA,P7-Hamady-nexR_0034
G6.T6.R3.TP2,PE-PL3,D,12,Experiment,BESC-319,West-2,West,Negative,R3,2,ST2_8,CCAATTCC,P5-Hamady-nexF_0068,AACGAACG,CGTTCGTT,P7-Hamady-nexR_0007
G6.T6.R4.TP1,PE-PL1,G,3,Experiment,BESC-319,West-2,West,Negative,R4,1,ST2_3,AGTCCACA,P5-Hamady-nexF_0077,TCTCACTG,CAGTGAGA,P7-Hamady-nexR_0034
G6.T6.R4.TP2,PE-PL1,F,4,Experiment,BESC-319,West-2,West,Negative,R4,2,ST2_3,AGTCCACA,P5-Hamady-nexF_0077,ACTCTGTC,GACAGAGT,P7-Hamady-nexR_0016
G6.T6.R5.TP1,PE-PL3,C,3,Experiment,BESC-319,West-2,West,Negative,R5,1,ST2_8,CACTTCTG,P5-Hamady-nexF_0013,TCTCACTG,CAGTGAGA,P7-Hamady-nexR_0034
G6.T6.R5.TP2,PE-PL1,H,5,Experiment,BESC-319,West-2,West,Negative,R5,2,ST2_3,AGTCCACA,P5-Hamady-nexF_0077,CATGTGCA,TGCACATG,P7-Hamady-nexR_0021
G7.T1.R1.TP1,PE-PL7,E,2,Experiment,BESC-286,West-1,West,Alternaria,R1,1,ST2_7,GTAGCTTG,P5-Hamady-nexF_0089,GAGAGAGA,TCTCTCTC,P7-Hamady-nexR_0028
G7.T1.R1.TP2,PE-PL5,B,9,Experiment,BESC-286,West-1,West,Alternaria,R1,2,ST2_6,GACAACTC,P5-Hamady-nexF_0067,TGTCGACA,TGTCGACA,P7-Hamady-nexR_0029
G7.T1.R2.TP1,PE-PL2,H,10,Experiment,BESC-286,West-1,West,Alternaria,R2,1,ST2_5,CCATTAGG,P5-Hamady-nexF_0095,GTACCAAC,GTTGGTAC,P7-Hamady-nexR_0008
G7.T1.R2.TP2,PE-PL2,G,2,Experiment,BESC-286,West-1,West,Alternaria,R2,2,ST2_5,GATCACCA,P5-Hamady-nexF_0044,TGACTGTG,CACAGTCA,P7-Hamady-nexR_0022
G7.T1.R3.TP1,PE-PL2,D,8,Experiment,BESC-286,West-1,West,Alternaria,R3,1,ST2_5,TGGACTAC,P5-Hamady-nexF_0091,GTAGACCT,AGGTCTAC,P7-Hamady-nexR_0033
G7.T1.R3.TP2,PE-PL3,G,10,Experiment,BESC-286,West-1,West,Alternaria,R3,2,ST2_8,AGTGGTGA,P5-Hamady-nexF_0010,TGTGAGAG,CTCTCACA,P7-Hamady-nexR_0018
G7.T1.R4.TP1,PE-PL3,F,9,Experiment,BESC-286,West-1,West,Alternaria,R4,1,ST2_8,AGTGGTGA,P5-Hamady-nexF_0010,TGTCGACA,TGTCGACA,P7-Hamady-nexR_0029
G7.T1.R4.TP2,PE-PL1,B,9,Experiment,BESC-286,West-1,West,Alternaria,R4,2,ST2_3,GCATCGAT,P5-Hamady-nexF_0032,TGTCGACA,TGTCGACA,P7-Hamady-nexR_0029
G7.T1.R5.TP1,PE-PL3,H,11,Experiment,BESC-286,West-1,West,Alternaria,R5,1,ST2_8,AGTGGTGA,P5-Hamady-nexF_0010,CATGTGCA,TGCACATG,P7-Hamady-nexR_0021
G7.T1.R5.TP2,PE-PL7,D,2,Experiment,BESC-286,West-1,West,Alternaria,R5,2,ST2_7,TCGTAGCA,P5-Hamady-nexF_0053,GTAGACCT,AGGTCTAC,P7-Hamady-nexR_0033
G7.T2.R1.TP1,PE-PL2,B,12,Experiment,BESC-286,West-1,West,Cladosporium,R1,1,ST2_5,TGGACTAC,P5-Hamady-nexF_0091,AGGAACCA,TGGTTCCT,P7-Hamady-nexR_0036
G7.T2.R1.TP2,PE-PL4,G,1,Experiment,BESC-286,West-1,West,Cladosporium,R1,2,ST2_4,AACCTTCC,P5-Hamady-nexF_0016,CAAGCAAG,CTTGCTTG,P7-Hamady-nexR_0014
G7.T2.R2.TP1,PE-PL2,E,6,Experiment,BESC-286,West-1,West,Cladosporium,R2,1,ST2_5,GATCACCA,P5-Hamady-nexF_0044,CGTTCCTA,TAGGAACG,P7-Hamady-nexR_0009
G7.T2.R2.TP2,PE-PL7,G,11,Experiment,BESC-286,West-1,West,Cladosporium,R2,2,ST2_7,ATCGGCAT,P5-Hamady-nexF_0024,GAGTACAG,CTGTACTC,P7-Hamady-nexR_0005
G7.T2.R4.TP1,PE-PL1,E,5,Experiment,BESC-286,West-1,West,Cladosporium,R4,1,ST2_3,AGTCCACA,P5-Hamady-nexF_0077,CCGCTTAT,ATAAGCGG,P7-Hamady-nexR_0025
G7.T2.R4.TP2,PE-PL4,G,3,Experiment,BESC-286,West-1,West,Cladosporium,R4,2,ST2_4,AACCTTCC,P5-Hamady-nexF_0016,TCTCACTG,CAGTGAGA,P7-Hamady-nexR_0034
G7.T2.R5.TP1,PE-PL4,D,1,Experiment,BESC-286,West-1,West,Cladosporium,R5,1,ST2_4,AGAGCAGT,P5-Hamady-nexF_0005,TTGCTACC,GGTAGCAA,P7-Hamady-nexR_0003
G7.T2.R5.TP2,PE-PL2,E,8,Experiment,BESC-286,West-1,West,Cladosporium,R5,2,ST2_5,CCATTAGG,P5-Hamady-nexF_0095,GAGAGAGA,TCTCTCTC,P7-Hamady-nexR_0028
G7.T3.R1.TP1,PE-PL4,E,9,Experiment,BESC-286,West-1,West,Fusarium,R1,1,ST2_4,TCTCAGAG,P5-Hamady-nexF_0072,ACCAGTAC,GTACTGGT,P7-Hamady-nexR_0020
G7.T3.R1.TP2,PE-PL5,E,12,Experiment,BESC-286,West-1,West,Fusarium,R1,2,ST2_6,CGCGATTA,P5-Hamady-nexF_0070,CGTTCCTA,TAGGAACG,P7-Hamady-nexR_0009
G7.T3.R2.TP1,PE-PL1,H,10,Experiment,BESC-286,West-1,West,Fusarium,R2,1,ST2_3,CTGATCTC,P5-Hamady-nexF_0082,GTACCAAC,GTTGGTAC,P7-Hamady-nexR_0008
G7.T3.R2.TP2,PE-PL7,F,1,Experiment,BESC-286,West-1,West,Fusarium,R2,2,ST2_7,GTAGCTTG,P5-Hamady-nexF_0089,ACCTTGCT,AGCAAGGT,P7-Hamady-nexR_0002
G7.T3.R3.TP1,PE-PL4,A,2,Experiment,BESC-286,West-1,West,Fusarium,R3,1,ST2_4,AGAGCAGT,P5-Hamady-nexF_0005,GAGAGAGA,TCTCTCTC,P7-Hamady-nexR_0028
G7.T3.R4.TP1,PE-PL4,G,8,Experiment,BESC-286,West-1,West,Fusarium,R4,1,ST2_4,TCTCAGAG,P5-Hamady-nexF_0072,TGACTGTG,CACAGTCA,P7-Hamady-nexR_0022
G7.T3.R4.TP2,PE-PL5,H,6,Experiment,BESC-286,West-1,West,Fusarium,R4,2,ST2_6,ACGATGCT,P5-Hamady-nexF_0058,AACGAACG,CGTTCGTT,P7-Hamady-nexR_0007
G7.T3.R5.TP1,PE-PL4,F,12,Experiment,BESC-286,West-1,West,Fusarium,R5,1,ST2_4,TCTCAGAG,P5-Hamady-nexF_0072,AGGAACCA,TGGTTCCT,P7-Hamady-nexR_0036
G7.T3.R5.TP2,PE-PL6,A,7,Experiment,BESC-286,West-1,West,Fusarium,R5,2,ST2_2,TAGGCGTT,P5-Hamady-nexF_0041,GTGTCTCT,AGAGACAC,P7-Hamady-nexR_0031
G7.T4.R1.TP1,PE-PL4,H,7,Experiment,BESC-286,West-1,West,Aureobasidium,R1,1,ST2_4,TCTCAGAG,P5-Hamady-nexF_0072,TTGCTACC,GGTAGCAA,P7-Hamady-nexR_0003
G7.T4.R1.TP2,PE-PL6,F,1,Experiment,BESC-286,West-1,West,Aureobasidium,R1,2,ST2_2,CTTGTCCA,P5-Hamady-nexF_0037,ACCTTGCT,AGCAAGGT,P7-Hamady-nexR_0002
G7.T4.R3.TP1,PE-PL5,A,10,Experiment,BESC-286,West-1,West,Aureobasidium,R3,1,ST2_6,GACAACTC,P5-Hamady-nexF_0067,AACGTTGC,GCAACGTT,P7-Hamady-nexR_0035
G7.T4.R3.TP2,PE-PL5,A,8,Experiment,BESC-286,West-1,West,Aureobasidium,R3,2,ST2_6,GACAACTC,P5-Hamady-nexF_0067,GAGAGAGA,TCTCTCTC,P7-Hamady-nexR_0028
G7.T4.R4.TP1,PE-PL2,A,4,Experiment,BESC-286,West-1,West,Aureobasidium,R4,1,ST2_5,AACCGGTT,P5-Hamady-nexF_0007,AACGTTGC,GCAACGTT,P7-Hamady-nexR_0035
G7.T4.R4.TP2,PE-PL1,G,5,Experiment,BESC-286,West-1,West,Aureobasidium,R4,2,ST2_3,AGTCCACA,P5-Hamady-nexF_0077,GAGTACAG,CTGTACTC,P7-Hamady-nexR_0005
G7.T4.R5.TP1,PE-PL4,A,8,Experiment,BESC-286,West-1,West,Aureobasidium,R5,1,ST2_4,GTGTACTG,P5-Hamady-nexF_0047,GAGAGAGA,TCTCTCTC,P7-Hamady-nexR_0028
G7.T4.R5.TP2,PE-PL7,G,1,Experiment,BESC-286,West-1,West,Aureobasidium,R5,2,ST2_7,GTAGCTTG,P5-Hamady-nexF_0089,CAAGCAAG,CTTGCTTG,P7-Hamady-nexR_0014
G7.T5.R1.TP1,PE-PL4,G,11,Experiment,BESC-286,West-1,West,Dioszegia,R1,1,ST2_4,TCTCAGAG,P5-Hamady-nexF_0072,GAGTACAG,CTGTACTC,P7-Hamady-nexR_0005
G7.T5.R1.TP2,PE-PL5,D,11,Experiment,BESC-286,West-1,West,Dioszegia,R1,2,ST2_6,GACAACTC,P5-Hamady-nexF_0067,CATGTGCA,TGCACATG,P7-Hamady-nexR_0021
G7.T5.R2.TP1,PE-PL3,B,5,Experiment,BESC-286,West-1,West,Dioszegia,R2,1,ST2_8,CACTTCTG,P5-Hamady-nexF_0013,AGAGACAC,GTGTCTCT,P7-Hamady-nexR_0001
G7.T5.R2.TP2,PE-PL3,H,7,Experiment,BESC-286,West-1,West,Dioszegia,R2,2,ST2_8,AGTGGTGA,P5-Hamady-nexF_0010,TTGCTACC,GGTAGCAA,P7-Hamady-nexR_0003
G7.T5.R4.TP1,PE-PL3,E,9,Experiment,BESC-286,West-1,West,Dioszegia,R4,1,ST2_8,AGTGGTGA,P5-Hamady-nexF_0010,ACCAGTAC,GTACTGGT,P7-Hamady-nexR_0020
G7.T5.R4.TP2,PE-PL4,F,5,Experiment,BESC-286,West-1,West,Dioszegia,R4,2,ST2_4,AACCTTCC,P5-Hamady-nexF_0016,AGAGACAC,GTGTCTCT,P7-Hamady-nexR_0001
G7.T5.R5.TP1,PE-PL4,B,12,Experiment,BESC-286,West-1,West,Dioszegia,R5,1,ST2_4,GTGTACTG,P5-Hamady-nexF_0047,AGGAACCA,TGGTTCCT,P7-Hamady-nexR_0036
G7.T5.R5.TP2,PE-PL5,H,2,Experiment,BESC-286,West-1,West,Dioszegia,R5,2,ST2_6,ACGATGCT,P5-Hamady-nexF_0058,GTAGACCT,AGGTCTAC,P7-Hamady-nexR_0033
G7.T6.R1.TP1,PE-PL3,C,1,Experiment,BESC-286,West-1,West,Negative,R1,1,ST2_8,CACTTCTG,P5-Hamady-nexF_0013,CAAGCAAG,CTTGCTTG,P7-Hamady-nexR_0014
G7.T6.R1.TP2,PE-PL4,A,3,Experiment,BESC-286,West-1,West,Negative,R1,2,ST2_4,AGAGCAGT,P5-Hamady-nexF_0005,ACCAGTAC,GTACTGGT,P7-Hamady-nexR_0020
G7.T6.R2.TP1,PE-PL1,F,6,Experiment,BESC-286,West-1,West,Negative,R2,1,ST2_3,AGTCCACA,P5-Hamady-nexF_0077,AGGAACCA,TGGTTCCT,P7-Hamady-nexR_0036
G7.T6.R2.TP2,PE-PL4,D,9,Experiment,BESC-286,West-1,West,Negative,R2,2,ST2_4,GTGTACTG,P5-Hamady-nexF_0047,TTCCATGC,GCATGGAA,P7-Hamady-nexR_0006
G7.T6.R3.TP1,PE-PL3,C,6,Experiment,BESC-286,West-1,West,Negative,R3,1,ST2_8,CACTTCTG,P5-Hamady-nexF_0013,CCTAGGAT,ATCCTAGG,P7-Hamady-nexR_0017
G7.T6.R3.TP2,PE-PL3,E,12,Experiment,BESC-286,West-1,West,Negative,R3,2,ST2_8,AGTGGTGA,P5-Hamady-nexF_0010,CGTTCCTA,TAGGAACG,P7-Hamady-nexR_0009
G7.T6.R4.TP1,PE-PL3,D,2,Experiment,BESC-286,West-1,West,Negative,R4,1,ST2_8,CACTTCTG,P5-Hamady-nexF_0013,GTAGACCT,AGGTCTAC,P7-Hamady-nexR_0033
G7.T6.R4.TP2,PE-PL6,E,3,Experiment,BESC-286,West-1,West,Negative,R4,2,ST2_2,CTTGTCCA,P5-Hamady-nexF_0037,ACCAGTAC,GTACTGGT,P7-Hamady-nexR_0020
G7.T6.R5.TP1,PE-PL2,G,11,Experiment,BESC-286,West-1,West,Negative,R5,1,ST2_5,CCATTAGG,P5-Hamady-nexF_0095,GAGTACAG,CTGTACTC,P7-Hamady-nexR_0005
G7.T6.R5.TP2,PE-PL4,G,2,Experiment,BESC-286,West-1,West,Negative,R5,2,ST2_4,AACCTTCC,P5-Hamady-nexF_0016,TGACTGTG,CACAGTCA,P7-Hamady-nexR_0022
G8.T1.R1.TP1,PE-PL6,A,3,Experiment,YK-1215,East-4,East,Alternaria,R1,1,ST2_2,GGCCATAT,P5-Hamady-nexF_0001,ACCAGTAC,GTACTGGT,P7-Hamady-nexR_0020
G8.T1.R1.TP2,PE-PL5,G,7,Experiment,YK-1215,East-4,East,Alternaria,R1,2,ST2_6,CGCGATTA,P5-Hamady-nexF_0070,CAAGCAAG,CTTGCTTG,P7-Hamady-nexR_0014
G8.T1.R2.TP1,PE-PL2,H,2,Experiment,YK-1215,East-4,East,Alternaria,R2,1,ST2_5,GATCACCA,P5-Hamady-nexF_0044,GTAGACCT,AGGTCTAC,P7-Hamady-nexR_0033
G8.T1.R2.TP2,PE-PL1,E,2,Experiment,YK-1215,East-4,East,Alternaria,R2,2,ST2_3,AGTCCACA,P5-Hamady-nexF_0077,GAGAGAGA,TCTCTCTC,P7-Hamady-nexR_0028
G8.T1.R3.TP1,PE-PL1,B,5,Experiment,YK-1215,East-4,East,Alternaria,R3,1,ST2_3,TTCGATGG,P5-Hamady-nexF_0002,AGAGACAC,GTGTCTCT,P7-Hamady-nexR_0001
G8.T1.R3.TP2,PE-PL4,C,8,Experiment,YK-1215,East-4,East,Alternaria,R3,2,ST2_4,GTGTACTG,P5-Hamady-nexF_0047,TGACTGTG,CACAGTCA,P7-Hamady-nexR_0022
G8.T1.R4.TP1,PE-PL2,H,7,Experiment,YK-1215,East-4,East,Alternaria,R4,1,ST2_5,CCATTAGG,P5-Hamady-nexF_0095,TTGCTACC,GGTAGCAA,P7-Hamady-nexR_0003
G8.T1.R4.TP2,PE-PL5,G,5,Experiment,YK-1215,East-4,East,Alternaria,R4,2,ST2_6,ACGATGCT,P5-Hamady-nexF_0058,GAGTACAG,CTGTACTC,P7-Hamady-nexR_0005
G8.T1.R5.TP1,PE-PL7,B,5,Experiment,YK-1215,East-4,East,Alternaria,R5,1,ST2_7,TCGTAGCA,P5-Hamady-nexF_0053,AGAGACAC,GTGTCTCT,P7-Hamady-nexR_0001
G8.T1.R5.TP2,PE-PL4,A,11,Experiment,YK-1215,East-4,East,Alternaria,R5,2,ST2_4,GTGTACTG,P5-Hamady-nexF_0047,CCGCTTAT,ATAAGCGG,P7-Hamady-nexR_0025
G8.T2.R1.TP1,PE-PL3,H,8,Experiment,YK-1215,East-4,East,Cladosporium,R1,1,ST2_8,AGTGGTGA,P5-Hamady-nexF_0010,GTAGACCT,AGGTCTAC,P7-Hamady-nexR_0033
G8.T2.R1.TP2,PE-PL4,C,6,Experiment,YK-1215,East-4,East,Cladosporium,R1,2,ST2_4,AGAGCAGT,P5-Hamady-nexF_0005,CCTAGGAT,ATCCTAGG,P7-Hamady-nexR_0017
G8.T2.R2.TP1,PE-PL3,D,8,Experiment,YK-1215,East-4,East,Cladosporium,R2,1,ST2_8,CCAATTCC,P5-Hamady-nexF_0068,GTAGACCT,AGGTCTAC,P7-Hamady-nexR_0033
G8.T2.R2.TP2,PE-PL6,D,7,Experiment,YK-1215,East-4,East,Cladosporium,R2,2,ST2_2,TAGGCGTT,P5-Hamady-nexF_0041,TTGCTACC,GGTAGCAA,P7-Hamady-nexR_0003
G8.T2.R3.TP1,PE-PL3,H,10,Experiment,YK-1215,East-4,East,Cladosporium,R3,1,ST2_8,AGTGGTGA,P5-Hamady-nexF_0010,GTACCAAC,GTTGGTAC,P7-Hamady-nexR_0008
G8.T2.R3.TP2,PE-PL6,G,4,Experiment,YK-1215,East-4,East,Cladosporium,R3,2,ST2_2,CTTGTCCA,P5-Hamady-nexF_0037,TGTGAGAG,CTCTCACA,P7-Hamady-nexR_0018
G8.T2.R4.TP1,PE-PL1,C,10,Experiment,YK-1215,East-4,East,Cladosporium,R4,1,ST2_3,GCATCGAT,P5-Hamady-nexF_0032,TGTGAGAG,CTCTCACA,P7-Hamady-nexR_0018
G8.T2.R4.TP2,PE-PL6,E,7,Experiment,YK-1215,East-4,East,Cladosporium,R4,2,ST2_2,ACGAGAAC,P5-Hamady-nexF_0079,GTGTCTCT,AGAGACAC,P7-Hamady-nexR_0031
G8.T2.R5.TP1,PE-PL3,A,5,Experiment,YK-1215,East-4,East,Cladosporium,R5,1,ST2_8,CACTTCTG,P5-Hamady-nexF_0013,CCGCTTAT,ATAAGCGG,P7-Hamady-nexR_0025
G8.T2.R5.TP2,PE-PL5,F,1,Experiment,YK-1215,East-4,East,Cladosporium,R5,2,ST2_6,ACGATGCT,P5-Hamady-nexF_0058,ACCTTGCT,AGCAAGGT,P7-Hamady-nexR_0002
G8.T3.R1.TP1,PE-PL6,E,5,Experiment,YK-1215,East-4,East,Fusarium,R1,1,ST2_2,CTTGTCCA,P5-Hamady-nexF_0037,CCGCTTAT,ATAAGCGG,P7-Hamady-nexR_0025
G8.T3.R1.TP2,PE-PL3,H,4,Experiment,YK-1215,East-4,East,Fusarium,R1,2,ST2_8,TGACGAGA,P5-Hamady-nexF_0052,GTACCAAC,GTTGGTAC,P7-Hamady-nexR_0008
G8.T3.R2.TP1,PE-PL3,G,1,Experiment,YK-1215,East-4,East,Fusarium,R2,1,ST2_8,TGACGAGA,P5-Hamady-nexF_0052,CAAGCAAG,CTTGCTTG,P7-Hamady-nexR_0014
G8.T3.R2.TP2,PE-PL5,D,6,Experiment,YK-1215,East-4,East,Fusarium,R2,2,ST2_6,TGGTGAAG,P5-Hamady-nexF_0061,AACGAACG,CGTTCGTT,P7-Hamady-nexR_0007
G8.T3.R3.TP1,PE-PL2,H,5,Experiment,YK-1215,East-4,East,Fusarium,R3,1,ST2_5,GATCACCA,P5-Hamady-nexF_0044,CATGTGCA,TGCACATG,P7-Hamady-nexR_0021
G8.T3.R3.TP2,PE-PL5,F,12,Experiment,YK-1215,East-4,East,Fusarium,R3,2,ST2_6,CGCGATTA,P5-Hamady-nexF_0070,AGGAACCA,TGGTTCCT,P7-Hamady-nexR_0036
G8.T3.R4.TP1,PE-PL2,B,5,Experiment,YK-1215,East-4,East,Fusarium,R4,1,ST2_5,AACCGGTT,P5-Hamady-nexF_0007,AGAGACAC,GTGTCTCT,P7-Hamady-nexR_0001
G8.T3.R4.TP2,PE-PL7,H,11,Experiment,YK-1215,East-4,East,Fusarium,R4,2,ST2_7,ATCGGCAT,P5-Hamady-nexF_0024,CATGTGCA,TGCACATG,P7-Hamady-nexR_0021
G8.T3.R5.TP1,PE-PL5,A,9,Experiment,YK-1215,East-4,East,Fusarium,R5,1,ST2_6,GACAACTC,P5-Hamady-nexF_0067,ACCAGTAC,GTACTGGT,P7-Hamady-nexR_0020
G8.T3.R5.TP2,PE-PL5,G,6,Experiment,YK-1215,East-4,East,Fusarium,R5,2,ST2_6,ACGATGCT,P5-Hamady-nexF_0058,CCTAGGAT,ATCCTAGG,P7-Hamady-nexR_0017
G8.T4.R1.TP1,PE-PL3,G,6,Experiment,YK-1215,East-4,East,Aureobasidium,R1,1,ST2_8,TGACGAGA,P5-Hamady-nexF_0052,CCTAGGAT,ATCCTAGG,P7-Hamady-nexR_0017
G8.T4.R1.TP2,PE-PL3,C,4,Experiment,YK-1215,East-4,East,Aureobasidium,R1,2,ST2_8,CACTTCTG,P5-Hamady-nexF_0013,TGTGAGAG,CTCTCACA,P7-Hamady-nexR_0018
G8.T4.R2.TP1,PE-PL3,G,11,Experiment,YK-1215,East-4,East,Aureobasidium,R2,1,ST2_8,AGTGGTGA,P5-Hamady-nexF_0010,GAGTACAG,CTGTACTC,P7-Hamady-nexR_0005
G8.T4.R2.TP2,PE-PL1,B,3,Experiment,YK-1215,East-4,East,Aureobasidium,R2,2,ST2_3,TTCGATGG,P5-Hamady-nexF_0002,TGTCGACA,TGTCGACA,P7-Hamady-nexR_0029
G8.T4.R3.TP1,PE-PL1,B,10,Experiment,YK-1215,East-4,East,Aureobasidium,R3,1,ST2_3,GCATCGAT,P5-Hamady-nexF_0032,ACTCTGTC,GACAGAGT,P7-Hamady-nexR_0016
G8.T4.R3.TP2,PE-PL1,D,2,Experiment,YK-1215,East-4,East,Aureobasidium,R3,2,ST2_3,TTCGATGG,P5-Hamady-nexF_0002,GTAGACCT,AGGTCTAC,P7-Hamady-nexR_0033
G8.T4.R4.TP1,PE-PL4,G,5,Experiment,YK-1215,East-4,East,Aureobasidium,R4,1,ST2_4,AACCTTCC,P5-Hamady-nexF_0016,GAGTACAG,CTGTACTC,P7-Hamady-nexR_0005
G8.T4.R4.TP2,PE-PL3,D,3,Experiment,YK-1215,East-4,East,Aureobasidium,R4,2,ST2_8,CACTTCTG,P5-Hamady-nexF_0013,TTCCATGC,GCATGGAA,P7-Hamady-nexR_0006
G8.T4.R5.TP1,PE-PL6,E,8,Experiment,YK-1215,East-4,East,Aureobasidium,R5,1,ST2_2,ACGAGAAC,P5-Hamady-nexF_0079,GAGAGAGA,TCTCTCTC,P7-Hamady-nexR_0028
G8.T4.R5.TP2,PE-PL7,B,2,Experiment,YK-1215,East-4,East,Aureobasidium,R5,2,ST2_7,TCGTAGCA,P5-Hamady-nexF_0053,TTCGTTCG,CGAACGAA,P7-Hamady-nexR_0013
G8.T5.R1.TP1,PE-PL1,A,9,Experiment,YK-1215,East-4,East,Dioszegia,R1,1,ST2_3,GCATCGAT,P5-Hamady-nexF_0032,ACCAGTAC,GTACTGGT,P7-Hamady-nexR_0020
G8.T5.R1.TP2,PE-PL5,B,1,Experiment,YK-1215,East-4,East,Dioszegia,R1,2,ST2_6,TGGTGAAG,P5-Hamady-nexF_0061,ACCTTGCT,AGCAAGGT,P7-Hamady-nexR_0002
G8.T5.R2.TP1,PE-PL6,C,12,Experiment,YK-1215,East-4,East,Dioszegia,R2,1,ST2_2,TAGGCGTT,P5-Hamady-nexF_0041,CCTAGGAT,ATCCTAGG,P7-Hamady-nexR_0017
G8.T5.R2.TP2,PE-PL1,C,2,Experiment,YK-1215,East-4,East,Dioszegia,R2,2,ST2_3,TTCGATGG,P5-Hamady-nexF_0002,TGACTGTG,CACAGTCA,P7-Hamady-nexR_0022
G8.T5.R3.TP1,PE-PL4,F,8,Experiment,YK-1215,East-4,East,Dioszegia,R3,1,ST2_4,TCTCAGAG,P5-Hamady-nexF_0072,TTCGTTCG,CGAACGAA,P7-Hamady-nexR_0013
G8.T5.R3.TP2,PE-PL2,G,1,Experiment,YK-1215,East-4,East,Dioszegia,R3,2,ST2_5,GATCACCA,P5-Hamady-nexF_0044,CAAGCAAG,CTTGCTTG,P7-Hamady-nexR_0014
G8.T5.R4.TP1,PE-PL7,E,10,Experiment,YK-1215,East-4,East,Dioszegia,R4,1,ST2_7,ATCGGCAT,P5-Hamady-nexF_0024,AACGTTGC,GCAACGTT,P7-Hamady-nexR_0035
G8.T5.R4.TP2,PE-PL1,A,7,Experiment,YK-1215,East-4,East,Dioszegia,R4,2,ST2_3,GCATCGAT,P5-Hamady-nexF_0032,GTGTCTCT,AGAGACAC,P7-Hamady-nexR_0031
G8.T5.R5.TP1,PE-PL4,B,4,Experiment,YK-1215,East-4,East,Dioszegia,R5,1,ST2_4,AGAGCAGT,P5-Hamady-nexF_0005,ACTCTGTC,GACAGAGT,P7-Hamady-nexR_0016
G8.T5.R5.TP2,PE-PL6,B,5,Experiment,YK-1215,East-4,East,Dioszegia,R5,2,ST2_2,GGCCATAT,P5-Hamady-nexF_0001,AGAGACAC,GTGTCTCT,P7-Hamady-nexR_0001
G8.T6.R1.TP1,PE-PL2,F,8,Experiment,YK-1215,East-4,East,Negative,R1,1,ST2_5,CCATTAGG,P5-Hamady-nexF_0095,TTCGTTCG,CGAACGAA,P7-Hamady-nexR_0013
G8.T6.R1.TP2,PE-PL6,A,8,Experiment,YK-1215,East-4,East,Negative,R1,2,ST2_2,TAGGCGTT,P5-Hamady-nexF_0041,GAGAGAGA,TCTCTCTC,P7-Hamady-nexR_0028
G8.T6.R2.TP1,PE-PL3,B,11,Experiment,YK-1215,East-4,East,Negative,R2,1,ST2_8,CCAATTCC,P5-Hamady-nexF_0068,AGAGACAC,GTGTCTCT,P7-Hamady-nexR_0001
G8.T6.R2.TP2,PE-PL7,H,5,Experiment,YK-1215,East-4,East,Negative,R2,2,ST2_7,GTAGCTTG,P5-Hamady-nexF_0089,CATGTGCA,TGCACATG,P7-Hamady-nexR_0021
G8.T6.R3.TP1,PE-PL4,C,1,Experiment,YK-1215,East-4,East,Negative,R3,1,ST2_4,AGAGCAGT,P5-Hamady-nexF_0005,CAAGCAAG,CTTGCTTG,P7-Hamady-nexR_0014
G8.T6.R3.TP2,PE-PL5,A,2,Experiment,YK-1215,East-4,East,Negative,R3,2,ST2_6,TGGTGAAG,P5-Hamady-nexF_0061,GAGAGAGA,TCTCTCTC,P7-Hamady-nexR_0028
G8.T6.R4.TP1,PE-PL4,E,1,Experiment,YK-1215,East-4,East,Negative,R4,1,ST2_4,AACCTTCC,P5-Hamady-nexF_0016,GTGTCTCT,AGAGACAC,P7-Hamady-nexR_0031
G8.T6.R4.TP2,PE-PL2,A,3,Experiment,YK-1215,East-4,East,Negative,R4,2,ST2_5,AACCGGTT,P5-Hamady-nexF_0007,ACCAGTAC,GTACTGGT,P7-Hamady-nexR_0020
G8.T6.R5.TP1,PE-PL2,F,12,Experiment,YK-1215,East-4,East,Negative,R5,1,ST2_5,CCATTAGG,P5-Hamady-nexF_0095,AGGAACCA,TGGTTCCT,P7-Hamady-nexR_0036
G8.T6.R5.TP2,PE-PL7,D,4,Experiment,YK-1215,East-4,East,Negative,R5,2,ST2_7,TCGTAGCA,P5-Hamady-nexF_0053,GTACCAAC,GTTGGTAC,P7-Hamady-nexR_0008
G9.T1.R1.TP1,PE-PL1,D,11,Experiment,YK-UNK,East-5,East,Alternaria,R1,1,ST2_3,GCATCGAT,P5-Hamady-nexF_0032,CATGTGCA,TGCACATG,P7-Hamady-nexR_0021
G9.T1.R1.TP2,PE-PL7,C,5,Experiment,YK-UNK,East-5,East,Alternaria,R1,2,ST2_7,TCGTAGCA,P5-Hamady-nexF_0053,GAGTACAG,CTGTACTC,P7-Hamady-nexR_0005
G9.T1.R2.TP1,PE-PL3,D,9,Experiment,YK-UNK,East-5,East,Alternaria,R2,1,ST2_8,CCAATTCC,P5-Hamady-nexF_0068,TTCCATGC,GCATGGAA,P7-Hamady-nexR_0006
G9.T1.R2.TP2,PE-PL5,A,5,Experiment,YK-UNK,East-5,East,Alternaria,R2,2,ST2_6,TGGTGAAG,P5-Hamady-nexF_0061,CCGCTTAT,ATAAGCGG,P7-Hamady-nexR_0025
G9.T1.R3.TP1,PE-PL2,D,2,Experiment,YK-UNK,East-5,East,Alternaria,R3,1,ST2_5,AACCGGTT,P5-Hamady-nexF_0007,GTAGACCT,AGGTCTAC,P7-Hamady-nexR_0033
G9.T1.R3.TP2,PE-PL1,D,1,Experiment,YK-UNK,East-5,East,Alternaria,R3,2,ST2_3,TTCGATGG,P5-Hamady-nexF_0002,TTGCTACC,GGTAGCAA,P7-Hamady-nexR_0003
G9.T1.R4.TP1,PE-PL1,D,7,Experiment,YK-UNK,East-5,East,Alternaria,R4,1,ST2_3,GCATCGAT,P5-Hamady-nexF_0032,TTGCTACC,GGTAGCAA,P7-Hamady-nexR_0003
G9.T1.R4.TP2,PE-PL3,H,6,Experiment,YK-UNK,East-5,East,Alternaria,R4,2,ST2_8,TGACGAGA,P5-Hamady-nexF_0052,AACGAACG,CGTTCGTT,P7-Hamady-nexR_0007
G9.T1.R5.TP1,PE-PL3,B,3,Experiment,YK-UNK,East-5,East,Alternaria,R5,1,ST2_8,CACTTCTG,P5-Hamady-nexF_0013,TGTCGACA,TGTCGACA,P7-Hamady-nexR_0029
G9.T1.R5.TP2,PE-PL7,D,3,Experiment,YK-UNK,East-5,East,Alternaria,R5,2,ST2_7,TCGTAGCA,P5-Hamady-nexF_0053,TTCCATGC,GCATGGAA,P7-Hamady-nexR_0006
G9.T2.R1.TP1,PE-PL5,B,8,Experiment,YK-UNK,East-5,East,Cladosporium,R1,1,ST2_6,GACAACTC,P5-Hamady-nexF_0067,TTCGTTCG,CGAACGAA,P7-Hamady-nexR_0013
G9.T2.R1.TP2,PE-PL4,H,2,Experiment,YK-UNK,East-5,East,Cladosporium,R1,2,ST2_4,AACCTTCC,P5-Hamady-nexF_0016,GTAGACCT,AGGTCTAC,P7-Hamady-nexR_0033
G9.T2.R2.TP1,PE-PL3,A,8,Experiment,YK-UNK,East-5,East,Cladosporium,R2,1,ST2_8,CCAATTCC,P5-Hamady-nexF_0068,GAGAGAGA,TCTCTCTC,P7-Hamady-nexR_0028
G9.T2.R2.TP2,PE-PL5,D,12,Experiment,YK-UNK,East-5,East,Cladosporium,R2,2,ST2_6,GACAACTC,P5-Hamady-nexF_0067,AACGAACG,CGTTCGTT,P7-Hamady-nexR_0007
G9.T2.R3.TP1,PE-PL2,H,11,Experiment,YK-UNK,East-5,East,Cladosporium,R3,1,ST2_5,CCATTAGG,P5-Hamady-nexF_0095,CATGTGCA,TGCACATG,P7-Hamady-nexR_0021
G9.T2.R3.TP2,PE-PL1,B,1,Experiment,YK-UNK,East-5,East,Cladosporium,R3,2,ST2_3,TTCGATGG,P5-Hamady-nexF_0002,ACCTTGCT,AGCAAGGT,P7-Hamady-nexR_0002
G9.T2.R4.TP1,PE-PL2,C,10,Experiment,YK-UNK,East-5,East,Cladosporium,R4,1,ST2_5,TGGACTAC,P5-Hamady-nexF_0091,TGTGAGAG,CTCTCACA,P7-Hamady-nexR_0018
G9.T2.R4.TP2,PE-PL6,B,8,Experiment,YK-UNK,East-5,East,Cladosporium,R4,2,ST2_2,TAGGCGTT,P5-Hamady-nexF_0041,TTCGTTCG,CGAACGAA,P7-Hamady-nexR_0013
G9.T3.R1.TP1,PE-PL7,A,10,Experiment,YK-UNK,East-5,East,Fusarium,R1,1,ST2_7,TATAGCGC,P5-Hamady-nexF_0021,AACGTTGC,GCAACGTT,P7-Hamady-nexR_0035
G9.T3.R1.TP2,PE-PL5,F,2,Experiment,YK-UNK,East-5,East,Fusarium,R1,2,ST2_6,ACGATGCT,P5-Hamady-nexF_0058,TTCGTTCG,CGAACGAA,P7-Hamady-nexR_0013
G9.T3.R3.TP1,PE-PL1,D,9,Experiment,YK-UNK,East-5,East,Fusarium,R3,1,ST2_3,GCATCGAT,P5-Hamady-nexF_0032,TTCCATGC,GCATGGAA,P7-Hamady-nexR_0006
G9.T3.R3.TP2,PE-PL7,B,1,Experiment,YK-UNK,East-5,East,Fusarium,R3,2,ST2_7,TCGTAGCA,P5-Hamady-nexF_0053,ACCTTGCT,AGCAAGGT,P7-Hamady-nexR_0002
G9.T3.R4.TP1,PE-PL3,D,4,Experiment,YK-UNK,East-5,East,Fusarium,R4,1,ST2_8,CACTTCTG,P5-Hamady-nexF_0013,GTACCAAC,GTTGGTAC,P7-Hamady-nexR_0008
G9.T3.R4.TP2,PE-PL2,G,8,Experiment,YK-UNK,East-5,East,Fusarium,R4,2,ST2_5,CCATTAGG,P5-Hamady-nexF_0095,TGACTGTG,CACAGTCA,P7-Hamady-nexR_0022
G9.T3.R5.TP1,PE-PL2,F,11,Experiment,YK-UNK,East-5,East,Fusarium,R5,1,ST2_5,CCATTAGG,P5-Hamady-nexF_0095,AGAGACAC,GTGTCTCT,P7-Hamady-nexR_0001
G9.T3.R5.TP2,PE-PL6,G,7,Experiment,YK-UNK,East-5,East,Fusarium,R5,2,ST2_2,ACGAGAAC,P5-Hamady-nexF_0079,CAAGCAAG,CTTGCTTG,P7-Hamady-nexR_0014
G9.T4.R1.TP1,PE-PL5,E,8,Experiment,YK-UNK,East-5,East,Aureobasidium,R1,1,ST2_6,CGCGATTA,P5-Hamady-nexF_0070,GAGAGAGA,TCTCTCTC,P7-Hamady-nexR_0028
G9.T4.R1.TP2,PE-PL6,H,3,Experiment,YK-UNK,East-5,East,Aureobasidium,R1,2,ST2_2,CTTGTCCA,P5-Hamady-nexF_0037,TTCCATGC,GCATGGAA,P7-Hamady-nexR_0006
G9.T4.R2.TP1,PE-PL3,C,12,Experiment,YK-UNK,East-5,East,Aureobasidium,R2,1,ST2_8,CCAATTCC,P5-Hamady-nexF_0068,CCTAGGAT,ATCCTAGG,P7-Hamady-nexR_0017
G9.T4.R2.TP2,PE-PL7,G,3,Experiment,YK-UNK,East-5,East,Aureobasidium,R2,2,ST2_7,GTAGCTTG,P5-Hamady-nexF_0089,TCTCACTG,CAGTGAGA,P7-Hamady-nexR_0034
G9.T4.R3.TP1,PE-PL4,B,9,Experiment,YK-UNK,East-5,East,Aureobasidium,R3,1,ST2_4,GTGTACTG,P5-Hamady-nexF_0047,TGTCGACA,TGTCGACA,P7-Hamady-nexR_0029
G9.T4.R3.TP2,PE-PL3,C,10,Experiment,YK-UNK,East-5,East,Aureobasidium,R3,2,ST2_8,CCAATTCC,P5-Hamady-nexF_0068,TGTGAGAG,CTCTCACA,P7-Hamady-nexR_0018
G9.T4.R4.TP1,PE-PL4,G,4,Experiment,YK-UNK,East-5,East,Aureobasidium,R4,1,ST2_4,AACCTTCC,P5-Hamady-nexF_0016,TGTGAGAG,CTCTCACA,P7-Hamady-nexR_0018
G9.T4.R4.TP2,PE-PL6,G,6,Experiment,YK-UNK,East-5,East,Aureobasidium,R4,2,ST2_2,CTTGTCCA,P5-Hamady-nexF_0037,CCTAGGAT,ATCCTAGG,P7-Hamady-nexR_0017
G9.T5.R1.TP1,PE-PL6,B,10,Experiment,YK-UNK,East-5,East,Dioszegia,R1,1,ST2_2,TAGGCGTT,P5-Hamady-nexF_0041,ACTCTGTC,GACAGAGT,P7-Hamady-nexR_0016
G9.T5.R1.TP2,PE-PL5,G,10,Experiment,YK-UNK,East-5,East,Dioszegia,R1,2,ST2_6,CGCGATTA,P5-Hamady-nexF_0070,TGTGAGAG,CTCTCACA,P7-Hamady-nexR_0018
G9.T5.R2.TP1,PE-PL3,A,2,Experiment,YK-UNK,East-5,East,Dioszegia,R2,1,ST2_8,CACTTCTG,P5-Hamady-nexF_0013,GAGAGAGA,TCTCTCTC,P7-Hamady-nexR_0028
G9.T5.R2.TP2,PE-PL6,F,11,Experiment,YK-UNK,East-5,East,Dioszegia,R2,2,ST2_2,ACGAGAAC,P5-Hamady-nexF_0079,AGAGACAC,GTGTCTCT,P7-Hamady-nexR_0001
G9.T5.R3.TP1,PE-PL2,H,3,Experiment,YK-UNK,East-5,East,Dioszegia,R3,1,ST2_5,GATCACCA,P5-Hamady-nexF_0044,TTCCATGC,GCATGGAA,P7-Hamady-nexR_0006
G9.T5.R3.TP2,PE-PL3,C,8,Experiment,YK-UNK,East-5,East,Dioszegia,R3,2,ST2_8,CCAATTCC,P5-Hamady-nexF_0068,TGACTGTG,CACAGTCA,P7-Hamady-nexR_0022
G9.T5.R4.TP1,PE-PL2,E,9,Experiment,YK-UNK,East-5,East,Dioszegia,R4,1,ST2_5,CCATTAGG,P5-Hamady-nexF_0095,ACCAGTAC,GTACTGGT,P7-Hamady-nexR_0020
G9.T5.R5.TP1,PE-PL3,F,12,Experiment,YK-UNK,East-5,East,Dioszegia,R5,1,ST2_8,AGTGGTGA,P5-Hamady-nexF_0010,AGGAACCA,TGGTTCCT,P7-Hamady-nexR_0036
G9.T5.R5.TP2,PE-PL5,B,3,Experiment,YK-UNK,East-5,East,Dioszegia,R5,2,ST2_6,TGGTGAAG,P5-Hamady-nexF_0061,TGTCGACA,TGTCGACA,P7-Hamady-nexR_0029
G9.T6.R1.TP1,PE-PL2,B,4,Experiment,YK-UNK,East-5,East,Negative,R1,1,ST2_5,AACCGGTT,P5-Hamady-nexF_0007,ACTCTGTC,GACAGAGT,P7-Hamady-nexR_0016
G9.T6.R1.TP2,PE-PL5,G,11,Experiment,YK-UNK,East-5,East,Negative,R1,2,ST2_6,CGCGATTA,P5-Hamady-nexF_0070,GAGTACAG,CTGTACTC,P7-Hamady-nexR_0005
G9.T6.R2.TP1,PE-PL1,D,6,Experiment,YK-UNK,East-5,East,Negative,R2,1,ST2_3,TTCGATGG,P5-Hamady-nexF_0002,AACGAACG,CGTTCGTT,P7-Hamady-nexR_0007
G9.T6.R2.TP2,PE-PL3,D,10,Experiment,YK-UNK,East-5,East,Negative,R2,2,ST2_8,CCAATTCC,P5-Hamady-nexF_0068,GTACCAAC,GTTGGTAC,P7-Hamady-nexR_0008
G9.T6.R3.TP1,PE-PL6,F,10,Experiment,YK-UNK,East-5,East,Negative,R3,1,ST2_2,ACGAGAAC,P5-Hamady-nexF_0079,ACTCTGTC,GACAGAGT,P7-Hamady-nexR_0016
G9.T6.R3.TP2,PE-PL5,F,11,Experiment,YK-UNK,East-5,East,Negative,R3,2,ST2_6,CGCGATTA,P5-Hamady-nexF_0070,AGAGACAC,GTGTCTCT,P7-Hamady-nexR_0001
G9.T6.R4.TP1,PE-PL4,H,4,Experiment,YK-UNK,East-5,East,Negative,R4,1,ST2_4,AACCTTCC,P5-Hamady-nexF_0016,GTACCAAC,GTTGGTAC,P7-Hamady-nexR_0008
G9.T6.R4.TP2,PE-PL6,D,10,Experiment,YK-UNK,East-5,East,Negative,R4,2,ST2_2,TAGGCGTT,P5-Hamady-nexF_0041,GTACCAAC,GTTGGTAC,P7-Hamady-nexR_0008
G9.T6.R5.TP1,PE-PL4,C,11,Experiment,YK-UNK,East-5,East,Negative,R5,1,ST2_4,GTGTACTG,P5-Hamady-nexF_0047,GAGTACAG,CTGTACTC,P7-Hamady-nexR_0005
G9.T6.R5.TP2,PE-PL6,E,6,Experiment,YK-UNK,East-5,East,Negative,R5,2,ST2_2,CTTGTCCA,P5-Hamady-nexF_0037,CGTTCCTA,TAGGAACG,P7-Hamady-nexR_0009
G10.T1.R1.TP1,PE-PL5,F,3,Experiment,BESC-1239,East-1,East,Alternaria,R1,1,ST2_6,ACGATGCT,P5-Hamady-nexF_0058,TGTCGACA,TGTCGACA,P7-Hamady-nexR_0029
G10.T1.R1.TP2,PE-PL4,B,3,Experiment,BESC-1239,East-1,East,Alternaria,R1,2,ST2_4,AGAGCAGT,P5-Hamady-nexF_0005,TGTCGACA,TGTCGACA,P7-Hamady-nexR_0029
G10.T1.R2.TP1,PE-PL2,G,6,Experiment,BESC-1239,East-1,East,Alternaria,R2,1,ST2_5,GATCACCA,P5-Hamady-nexF_0044,CCTAGGAT,ATCCTAGG,P7-Hamady-nexR_0017
G10.T1.R2.TP2,PE-PL5,A,3,Experiment,BESC-1239,East-1,East,Alternaria,R2,2,ST2_6,TGGTGAAG,P5-Hamady-nexF_0061,ACCAGTAC,GTACTGGT,P7-Hamady-nexR_0020
G10.T1.R3.TP1,PE-PL2,A,5,Experiment,BESC-1239,East-1,East,Alternaria,R3,1,ST2_5,AACCGGTT,P5-Hamady-nexF_0007,CCGCTTAT,ATAAGCGG,P7-Hamady-nexR_0025
G10.T1.R3.TP2,PE-PL7,A,4,Experiment,BESC-1239,East-1,East,Alternaria,R3,2,ST2_7,TCGTAGCA,P5-Hamady-nexF_0053,AACGTTGC,GCAACGTT,P7-Hamady-nexR_0035
G10.T1.R4.TP1,PE-PL4,A,7,Experiment,BESC-1239,East-1,East,Alternaria,R4,1,ST2_4,GTGTACTG,P5-Hamady-nexF_0047,GTGTCTCT,AGAGACAC,P7-Hamady-nexR_0031
G10.T1.R4.TP2,PE-PL1,G,6,Experiment,BESC-1239,East-1,East,Alternaria,R4,2,ST2_3,AGTCCACA,P5-Hamady-nexF_0077,CCTAGGAT,ATCCTAGG,P7-Hamady-nexR_0017
G10.T2.R1.TP1,PE-PL3,D,5,Experiment,BESC-1239,East-1,East,Cladosporium,R1,1,ST2_8,CACTTCTG,P5-Hamady-nexF_0013,CATGTGCA,TGCACATG,P7-Hamady-nexR_0021
G10.T2.R1.TP2,PE-PL7,G,5,Experiment,BESC-1239,East-1,East,Cladosporium,R1,2,ST2_7,GTAGCTTG,P5-Hamady-nexF_0089,GAGTACAG,CTGTACTC,P7-Hamady-nexR_0005
G10.T2.R2.TP1,PE-PL4,C,9,Experiment,BESC-1239,East-1,East,Cladosporium,R2,1,ST2_4,GTGTACTG,P5-Hamady-nexF_0047,TCTCACTG,CAGTGAGA,P7-Hamady-nexR_0034
G10.T2.R2.TP2,PE-PL6,G,11,Experiment,BESC-1239,East-1,East,Cladosporium,R2,2,ST2_2,ACGAGAAC,P5-Hamady-nexF_0079,GAGTACAG,CTGTACTC,P7-Hamady-nexR_0005
G10.T2.R3.TP1,PE-PL3,G,3,Experiment,BESC-1239,East-1,East,Cladosporium,R3,1,ST2_8,TGACGAGA,P5-Hamady-nexF_0052,TCTCACTG,CAGTGAGA,P7-Hamady-nexR_0034
G10.T2.R3.TP2,PE-PL2,C,3,Experiment,BESC-1239,East-1,East,Cladosporium,R3,2,ST2_5,AACCGGTT,P5-Hamady-nexF_0007,TCTCACTG,CAGTGAGA,P7-Hamady-nexR_0034
G10.T2.R4.TP1,PE-PL1,G,1,Experiment,BESC-1239,East-1,East,Cladosporium,R4,1,ST2_3,AGTCCACA,P5-Hamady-nexF_0077,CAAGCAAG,CTTGCTTG,P7-Hamady-nexR_0014
G10.T2.R4.TP2,PE-PL5,B,5,Experiment,BESC-1239,East-1,East,Cladosporium,R4,2,ST2_6,TGGTGAAG,P5-Hamady-nexF_0061,AGAGACAC,GTGTCTCT,P7-Hamady-nexR_0001
G10.T3.R1.TP1,PE-PL2,D,5,Experiment,BESC-1239,East-1,East,Fusarium,R1,1,ST2_5,AACCGGTT,P5-Hamady-nexF_0007,CATGTGCA,TGCACATG,P7-Hamady-nexR_0021
G10.T3.R1.TP2,PE-PL4,D,2,Experiment,BESC-1239,East-1,East,Fusarium,R1,2,ST2_4,AGAGCAGT,P5-Hamady-nexF_0005,GTAGACCT,AGGTCTAC,P7-Hamady-nexR_0033
G10.T3.R2.TP1,PE-PL4,D,10,Experiment,BESC-1239,East-1,East,Fusarium,R2,1,ST2_4,GTGTACTG,P5-Hamady-nexF_0047,GTACCAAC,GTTGGTAC,P7-Hamady-nexR_0008
G10.T3.R2.TP2,PE-PL1,C,4,Experiment,BESC-1239,East-1,East,Fusarium,R2,2,ST2_3,TTCGATGG,P5-Hamady-nexF_0002,TGTGAGAG,CTCTCACA,P7-Hamady-nexR_0018
G10.T3.R3.TP1,PE-PL5,C,2,Experiment,BESC-1239,East-1,East,Fusarium,R3,1,ST2_6,TGGTGAAG,P5-Hamady-nexF_0061,TGACTGTG,CACAGTCA,P7-Hamady-nexR_0022
G10.T3.R3.TP2,PE-PL2,E,3,Experiment,BESC-1239,East-1,East,Fusarium,R3,2,ST2_5,GATCACCA,P5-Hamady-nexF_0044,ACCAGTAC,GTACTGGT,P7-Hamady-nexR_0020
G10.T3.R4.TP1,PE-PL2,E,7,Experiment,BESC-1239,East-1,East,Fusarium,R4,1,ST2_5,CCATTAGG,P5-Hamady-nexF_0095,GTGTCTCT,AGAGACAC,P7-Hamady-nexR_0031
G10.T3.R4.TP2,PE-PL5,B,4,Experiment,BESC-1239,East-1,East,Fusarium,R4,2,ST2_6,TGGTGAAG,P5-Hamady-nexF_0061,ACTCTGTC,GACAGAGT,P7-Hamady-nexR_0016
G10.T4.R1.TP1,PE-PL3,A,9,Experiment,BESC-1239,East-1,East,Aureobasidium,R1,1,ST2_8,CCAATTCC,P5-Hamady-nexF_0068,ACCAGTAC,GTACTGGT,P7-Hamady-nexR_0020
G10.T4.R1.TP2,PE-PL3,G,2,Experiment,BESC-1239,East-1,East,Aureobasidium,R1,2,ST2_8,TGACGAGA,P5-Hamady-nexF_0052,TGACTGTG,CACAGTCA,P7-Hamady-nexR_0022
G10.T4.R2.TP1,PE-PL3,F,1,Experiment,BESC-1239,East-1,East,Aureobasidium,R2,1,ST2_8,TGACGAGA,P5-Hamady-nexF_0052,ACCTTGCT,AGCAAGGT,P7-Hamady-nexR_0002
G10.T4.R2.TP2,PE-PL1,H,4,Experiment,BESC-1239,East-1,East,Aureobasidium,R2,2,ST2_3,AGTCCACA,P5-Hamady-nexF_0077,GTACCAAC,GTTGGTAC,P7-Hamady-nexR_0008
G10.T4.R3.TP1,PE-PL2,E,11,Experiment,BESC-1239,East-1,East,Aureobasidium,R3,1,ST2_5,CCATTAGG,P5-Hamady-nexF_0095,CCGCTTAT,ATAAGCGG,P7-Hamady-nexR_0025
G10.T4.R3.TP2,PE-PL1,H,2,Experiment,BESC-1239,East-1,East,Aureobasidium,R3,2,ST2_3,AGTCCACA,P5-Hamady-nexF_0077,GTAGACCT,AGGTCTAC,P7-Hamady-nexR_0033
G10.T4.R4.TP1,PE-PL2,F,3,Experiment,BESC-1239,East-1,East,Aureobasidium,R4,1,ST2_5,GATCACCA,P5-Hamady-nexF_0044,TGTCGACA,TGTCGACA,P7-Hamady-nexR_0029
G10.T4.R4.TP2,PE-PL5,E,2,Experiment,BESC-1239,East-1,East,Aureobasidium,R4,2,ST2_6,ACGATGCT,P5-Hamady-nexF_0058,GAGAGAGA,TCTCTCTC,P7-Hamady-nexR_0028
G10.T5.R1.TP1,PE-PL3,B,10,Experiment,BESC-1239,East-1,East,Dioszegia,R1,1,ST2_8,CCAATTCC,P5-Hamady-nexF_0068,ACTCTGTC,GACAGAGT,P7-Hamady-nexR_0016
G10.T5.R1.TP2,PE-PL3,C,5,Experiment,BESC-1239,East-1,East,Dioszegia,R1,2,ST2_8,CACTTCTG,P5-Hamady-nexF_0013,GAGTACAG,CTGTACTC,P7-Hamady-nexR_0005
G10.T5.R2.TP1,PE-PL2,D,11,Experiment,BESC-1239,East-1,East,Dioszegia,R2,1,ST2_5,TGGACTAC,P5-Hamady-nexF_0091,CATGTGCA,TGCACATG,P7-Hamady-nexR_0021
G10.T5.R2.TP2,PE-PL6,H,9,Experiment,BESC-1239,East-1,East,Dioszegia,R2,2,ST2_2,ACGAGAAC,P5-Hamady-nexF_0079,TTCCATGC,GCATGGAA,P7-Hamady-nexR_0006
G10.T5.R3.TP1,PE-PL6,B,12,Experiment,BESC-1239,East-1,East,Dioszegia,R3,1,ST2_2,TAGGCGTT,P5-Hamady-nexF_0041,AGGAACCA,TGGTTCCT,P7-Hamady-nexR_0036
G10.T5.R3.TP2,PE-PL7,C,4,Experiment,BESC-1239,East-1,East,Dioszegia,R3,2,ST2_7,TCGTAGCA,P5-Hamady-nexF_0053,TGTGAGAG,CTCTCACA,P7-Hamady-nexR_0018
G10.T5.R4.TP1,PE-PL4,A,4,Experiment,BESC-1239,East-1,East,Dioszegia,R4,1,ST2_4,AGAGCAGT,P5-Hamady-nexF_0005,AACGTTGC,GCAACGTT,P7-Hamady-nexR_0035
G10.T5.R4.TP2,PE-PL2,F,2,Experiment,BESC-1239,East-1,East,Dioszegia,R4,2,ST2_5,GATCACCA,P5-Hamady-nexF_0044,TTCGTTCG,CGAACGAA,P7-Hamady-nexR_0013
G10.T6.R1.TP1,PE-PL2,E,10,Experiment,BESC-1239,East-1,East,Negative,R1,1,ST2_5,CCATTAGG,P5-Hamady-nexF_0095,AACGTTGC,GCAACGTT,P7-Hamady-nexR_0035
G10.T6.R1.TP2,PE-PL6,F,6,Experiment,BESC-1239,East-1,East,Negative,R1,2,ST2_2,CTTGTCCA,P5-Hamady-nexF_0037,AGGAACCA,TGGTTCCT,P7-Hamady-nexR_0036
G10.T6.R2.TP1,PE-PL1,H,6,Experiment,BESC-1239,East-1,East,Negative,R2,1,ST2_3,AGTCCACA,P5-Hamady-nexF_0077,AACGAACG,CGTTCGTT,P7-Hamady-nexR_0007
G10.T6.R2.TP2,PE-PL5,A,4,Experiment,BESC-1239,East-1,East,Negative,R2,2,ST2_6,TGGTGAAG,P5-Hamady-nexF_0061,AACGTTGC,GCAACGTT,P7-Hamady-nexR_0035
G10.T6.R3.TP1,PE-PL2,H,8,Experiment,BESC-1239,East-1,East,Negative,R3,1,ST2_5,CCATTAGG,P5-Hamady-nexF_0095,GTAGACCT,AGGTCTAC,P7-Hamady-nexR_0033
G10.T6.R3.TP2,PE-PL5,B,12,Experiment,BESC-1239,East-1,East,Negative,R3,2,ST2_6,GACAACTC,P5-Hamady-nexF_0067,AGGAACCA,TGGTTCCT,P7-Hamady-nexR_0036
G10.T6.R4.TP1,PE-PL1,E,11,Experiment,BESC-1239,East-1,East,Negative,R4,1,ST2_3,CTGATCTC,P5-Hamady-nexF_0082,CCGCTTAT,ATAAGCGG,P7-Hamady-nexR_0025
G10.T6.R4.TP2,PE-PL1,D,8,Experiment,BESC-1239,East-1,East,Negative,R4,2,ST2_3,GCATCGAT,P5-Hamady-nexF_0032,GTAGACCT,AGGTCTAC,P7-Hamady-nexR_0033
G11.T1.R1.TP1,PE-PL2,C,11,Experiment,BESC-1247,East-2,East,Alternaria,R1,1,ST2_5,TGGACTAC,P5-Hamady-nexF_0091,GAGTACAG,CTGTACTC,P7-Hamady-nexR_0005
G11.T1.R1.TP2,PE-PL5,F,7,Experiment,BESC-1247,East-2,East,Alternaria,R1,2,ST2_6,CGCGATTA,P5-Hamady-nexF_0070,ACCTTGCT,AGCAAGGT,P7-Hamady-nexR_0002
G11.T1.R2.TP1,PE-PL3,E,11,Experiment,BESC-1247,East-2,East,Alternaria,R2,1,ST2_8,AGTGGTGA,P5-Hamady-nexF_0010,CCGCTTAT,ATAAGCGG,P7-Hamady-nexR_0025
G11.T1.R2.TP2,PE-PL7,H,4,Experiment,BESC-1247,East-2,East,Alternaria,R2,2,ST2_7,GTAGCTTG,P5-Hamady-nexF_0089,GTACCAAC,GTTGGTAC,P7-Hamady-nexR_0008
G11.T1.R3.TP1,PE-PL5,A,7,Experiment,BESC-1247,East-2,East,Alternaria,R3,1,ST2_6,GACAACTC,P5-Hamady-nexF_0067,GTGTCTCT,AGAGACAC,P7-Hamady-nexR_0031
G11.T1.R3.TP2,PE-PL5,C,3,Experiment,BESC-1247,East-2,East,Alternaria,R3,2,ST2_6,TGGTGAAG,P5-Hamady-nexF_0061,TCTCACTG,CAGTGAGA,P7-Hamady-nexR_0034
G11.T1.R4.TP1,PE-PL1,H,11,Experiment,BESC-1247,East-2,East,Alternaria,R4,1,ST2_3,CTGATCTC,P5-Hamady-nexF_0082,CATGTGCA,TGCACATG,P7-Hamady-nexR_0021
G11.T1.R4.TP2,PE-PL2,G,5,Experiment,BESC-1247,East-2,East,Alternaria,R4,2,ST2_5,GATCACCA,P5-Hamady-nexF_0044,GAGTACAG,CTGTACTC,P7-Hamady-nexR_0005
G11.T2.R1.TP1,PE-PL4,E,7,Experiment,BESC-1247,East-2,East,Cladosporium,R1,1,ST2_4,TCTCAGAG,P5-Hamady-nexF_0072,GTGTCTCT,AGAGACAC,P7-Hamady-nexR_0031
G11.T2.R1.TP2,PE-PL7,E,3,Experiment,BESC-1247,East-2,East,Cladosporium,R1,2,ST2_7,GTAGCTTG,P5-Hamady-nexF_0089,ACCAGTAC,GTACTGGT,P7-Hamady-nexR_0020
G11.T2.R2.TP1,PE-PL4,F,1,Experiment,BESC-1247,East-2,East,Cladosporium,R2,1,ST2_4,AACCTTCC,P5-Hamady-nexF_0016,ACCTTGCT,AGCAAGGT,P7-Hamady-nexR_0002
G11.T2.R2.TP2,PE-PL3,G,7,Experiment,BESC-1247,East-2,East,Cladosporium,R2,2,ST2_8,AGTGGTGA,P5-Hamady-nexF_0010,CAAGCAAG,CTTGCTTG,P7-Hamady-nexR_0014
G11.T2.R4.TP1,PE-PL1,F,10,Experiment,BESC-1247,East-2,East,Cladosporium,R4,1,ST2_3,CTGATCTC,P5-Hamady-nexF_0082,ACTCTGTC,GACAGAGT,P7-Hamady-nexR_0016
G11.T2.R4.TP2,PE-PL5,E,3,Experiment,BESC-1247,East-2,East,Cladosporium,R4,2,ST2_6,ACGATGCT,P5-Hamady-nexF_0058,ACCAGTAC,GTACTGGT,P7-Hamady-nexR_0020
G11.T3.R1.TP1,PE-PL2,F,10,Experiment,BESC-1247,East-2,East,Fusarium,R1,1,ST2_5,CCATTAGG,P5-Hamady-nexF_0095,ACTCTGTC,GACAGAGT,P7-Hamady-nexR_0016
G11.T3.R1.TP2,PE-PL7,B,3,Experiment,BESC-1247,East-2,East,Fusarium,R1,2,ST2_7,TCGTAGCA,P5-Hamady-nexF_0053,TGTCGACA,TGTCGACA,P7-Hamady-nexR_0029
G11.T3.R2.TP1,PE-PL1,E,7,Experiment,BESC-1247,East-2,East,Fusarium,R2,1,ST2_3,CTGATCTC,P5-Hamady-nexF_0082,GTGTCTCT,AGAGACAC,P7-Hamady-nexR_0031
G11.T3.R2.TP2,PE-PL6,G,2,Experiment,BESC-1247,East-2,East,Fusarium,R2,2,ST2_2,CTTGTCCA,P5-Hamady-nexF_0037,TGACTGTG,CACAGTCA,P7-Hamady-nexR_0022
G11.T3.R3.TP1,PE-PL7,E,5,Experiment,BESC-1247,East-2,East,Fusarium,R3,1,ST2_7,GTAGCTTG,P5-Hamady-nexF_0089,CCGCTTAT,ATAAGCGG,P7-Hamady-nexR_0025
G11.T3.R3.TP2,PE-PL4,E,11,Experiment,BESC-1247,East-2,East,Fusarium,R3,2,ST2_4,TCTCAGAG,P5-Hamady-nexF_0072,CCGCTTAT,ATAAGCGG,P7-Hamady-nexR_0025
G11.T3.R4.TP1,PE-PL1,A,3,Experiment,BESC-1247,East-2,East,Fusarium,R4,1,ST2_3,TTCGATGG,P5-Hamady-nexF_0002,ACCAGTAC,GTACTGGT,P7-Hamady-nexR_0020
G11.T3.R4.TP2,PE-PL4,G,12,Experiment,BESC-1247,East-2,East,Fusarium,R4,2,ST2_4,TCTCAGAG,P5-Hamady-nexF_0072,CCTAGGAT,ATCCTAGG,P7-Hamady-nexR_0017
G11.T4.R1.TP1,PE-PL5,H,10,Experiment,BESC-1247,East-2,East,Aureobasidium,R1,1,ST2_6,CGCGATTA,P5-Hamady-nexF_0070,GTACCAAC,GTTGGTAC,P7-Hamady-nexR_0008
G11.T4.R1.TP2,PE-PL4,E,2,Experiment,BESC-1247,East-2,East,Aureobasidium,R1,2,ST2_4,AACCTTCC,P5-Hamady-nexF_0016,GAGAGAGA,TCTCTCTC,P7-Hamady-nexR_0028
G11.T4.R2.TP1,PE-PL4,C,3,Experiment,BESC-1247,East-2,East,Aureobasidium,R2,1,ST2_4,AGAGCAGT,P5-Hamady-nexF_0005,TCTCACTG,CAGTGAGA,P7-Hamady-nexR_0034
G11.T4.R2.TP2,PE-PL6,B,7,Experiment,BESC-1247,East-2,East,Aureobasidium,R2,2,ST2_2,TAGGCGTT,P5-Hamady-nexF_0041,ACCTTGCT,AGCAAGGT,P7-Hamady-nexR_0002
G11.T4.R3.TP1,PE-PL5,D,10,Experiment,BESC-1247,East-2,East,Aureobasidium,R3,1,ST2_6,GACAACTC,P5-Hamady-nexF_0067,GTACCAAC,GTTGGTAC,P7-Hamady-nexR_0008
G11.T4.R3.TP2,PE-PL4,E,10,Experiment,BESC-1247,East-2,East,Aureobasidium,R3,2,ST2_4,TCTCAGAG,P5-Hamady-nexF_0072,AACGTTGC,GCAACGTT,P7-Hamady-nexR_0035
G11.T4.R4.TP1,PE-PL6,E,2,Experiment,BESC-1247,East-2,East,Aureobasidium,R4,1,ST2_2,CTTGTCCA,P5-Hamady-nexF_0037,GAGAGAGA,TCTCTCTC,P7-Hamady-nexR_0028
G11.T4.R4.TP2,PE-PL1,G,4,Experiment,BESC-1247,East-2,East,Aureobasidium,R4,2,ST2_3,AGTCCACA,P5-Hamady-nexF_0077,TGTGAGAG,CTCTCACA,P7-Hamady-nexR_0018
G11.T5.R2.TP1,PE-PL1,F,11,Experiment,BESC-1247,East-2,East,Dioszegia,R2,1,ST2_3,CTGATCTC,P5-Hamady-nexF_0082,AGAGACAC,GTGTCTCT,P7-Hamady-nexR_0001
G11.T5.R2.TP2,PE-PL7,F,4,Experiment,BESC-1247,East-2,East,Dioszegia,R2,2,ST2_7,GTAGCTTG,P5-Hamady-nexF_0089,ACTCTGTC,GACAGAGT,P7-Hamady-nexR_0016
G11.T5.R3.TP1,PE-PL6,D,8,Experiment,BESC-1247,East-2,East,Dioszegia,R3,1,ST2_2,TAGGCGTT,P5-Hamady-nexF_0041,GTAGACCT,AGGTCTAC,P7-Hamady-nexR_0033
G11.T5.R3.TP2,PE-PL5,H,3,Experiment,BESC-1247,East-2,East,Dioszegia,R3,2,ST2_6,ACGATGCT,P5-Hamady-nexF_0058,TTCCATGC,GCATGGAA,P7-Hamady-nexR_0006
G11.T6.R1.TP1,PE-PL3,A,7,Experiment,BESC-1247,East-2,East,Negative,R1,1,ST2_8,CCAATTCC,P5-Hamady-nexF_0068,GTGTCTCT,AGAGACAC,P7-Hamady-nexR_0031
G11.T6.R1.TP2,PE-PL6,E,12,Experiment,BESC-1247,East-2,East,Negative,R1,2,ST2_2,ACGAGAAC,P5-Hamady-nexF_0079,CGTTCCTA,TAGGAACG,P7-Hamady-nexR_0009
G11.T6.R3.TP1,PE-PL2,E,2,Experiment,BESC-1247,East-2,East,Negative,R3,1,ST2_5,GATCACCA,P5-Hamady-nexF_0044,GAGAGAGA,TCTCTCTC,P7-Hamady-nexR_0028
G11.T6.R3.TP2,PE-PL2,C,5,Experiment,BESC-1247,East-2,East,Negative,R3,2,ST2_5,AACCGGTT,P5-Hamady-nexF_0007,GAGTACAG,CTGTACTC,P7-Hamady-nexR_0005
G11.T6.R4.TP1,PE-PL3,B,7,Experiment,BESC-1247,East-2,East,Negative,R4,1,ST2_8,CCAATTCC,P5-Hamady-nexF_0068,ACCTTGCT,AGCAAGGT,P7-Hamady-nexR_0002
G11.T6.R4.TP2,PE-PL3,E,1,Experiment,BESC-1247,East-2,East,Negative,R4,2,ST2_8,TGACGAGA,P5-Hamady-nexF_0052,GTGTCTCT,AGAGACAC,P7-Hamady-nexR_0031
G12.T1.R1.TP1,PE-PL3,E,10,Experiment,BESC-803,West-5,West,Alternaria,R1,1,ST2_8,AGTGGTGA,P5-Hamady-nexF_0010,AACGTTGC,GCAACGTT,P7-Hamady-nexR_0035
G12.T1.R1.TP2,PE-PL4,D,3,Experiment,BESC-803,West-5,West,Alternaria,R1,2,ST2_4,AGAGCAGT,P5-Hamady-nexF_0005,TTCCATGC,GCATGGAA,P7-Hamady-nexR_0006
G12.T1.R2.TP1,PE-PL1,D,4,Experiment,BESC-803,West-5,West,Alternaria,R2,1,ST2_3,TTCGATGG,P5-Hamady-nexF_0002,GTACCAAC,GTTGGTAC,P7-Hamady-nexR_0008
G12.T1.R2.TP2,PE-PL1,F,8,Experiment,BESC-803,West-5,West,Alternaria,R2,2,ST2_3,CTGATCTC,P5-Hamady-nexF_0082,TTCGTTCG,CGAACGAA,P7-Hamady-nexR_0013
G12.T1.R3.TP1,PE-PL7,D,1,Experiment,BESC-803,West-5,West,Alternaria,R3,1,ST2_7,TCGTAGCA,P5-Hamady-nexF_0053,TTGCTACC,GGTAGCAA,P7-Hamady-nexR_0003
G12.T1.R3.TP2,PE-PL6,C,2,Experiment,BESC-803,West-5,West,Alternaria,R3,2,ST2_2,GGCCATAT,P5-Hamady-nexF_0001,TGACTGTG,CACAGTCA,P7-Hamady-nexR_0022
G12.T1.R4.TP1,PE-PL1,C,1,Experiment,BESC-803,West-5,West,Alternaria,R4,1,ST2_3,TTCGATGG,P5-Hamady-nexF_0002,CAAGCAAG,CTTGCTTG,P7-Hamady-nexR_0014
G12.T1.R4.TP2,PE-PL5,A,11,Experiment,BESC-803,West-5,West,Alternaria,R4,2,ST2_6,GACAACTC,P5-Hamady-nexF_0067,CCGCTTAT,ATAAGCGG,P7-Hamady-nexR_0025
G12.T2.R1.TP1,PE-PL7,D,6,Experiment,BESC-803,West-5,West,Cladosporium,R1,1,ST2_7,TCGTAGCA,P5-Hamady-nexF_0053,AACGAACG,CGTTCGTT,P7-Hamady-nexR_0007
G12.T2.R2.TP1,PE-PL3,G,4,Experiment,BESC-803,West-5,West,Cladosporium,R2,1,ST2_8,TGACGAGA,P5-Hamady-nexF_0052,TGTGAGAG,CTCTCACA,P7-Hamady-nexR_0018
G12.T2.R2.TP2,PE-PL6,A,4,Experiment,BESC-803,West-5,West,Cladosporium,R2,2,ST2_2,GGCCATAT,P5-Hamady-nexF_0001,AACGTTGC,GCAACGTT,P7-Hamady-nexR_0035
G12.T2.R3.TP1,PE-PL3,B,1,Experiment,BESC-803,West-5,West,Cladosporium,R3,1,ST2_8,CACTTCTG,P5-Hamady-nexF_0013,ACCTTGCT,AGCAAGGT,P7-Hamady-nexR_0002
G12.T2.R3.TP2,PE-PL5,G,4,Experiment,BESC-803,West-5,West,Cladosporium,R3,2,ST2_6,ACGATGCT,P5-Hamady-nexF_0058,TGTGAGAG,CTCTCACA,P7-Hamady-nexR_0018
G12.T2.R4.TP1,PE-PL2,D,1,Experiment,BESC-803,West-5,West,Cladosporium,R4,1,ST2_5,AACCGGTT,P5-Hamady-nexF_0007,TTGCTACC,GGTAGCAA,P7-Hamady-nexR_0003
G12.T2.R4.TP2,PE-PL6,G,10,Experiment,BESC-803,West-5,West,Cladosporium,R4,2,ST2_2,ACGAGAAC,P5-Hamady-nexF_0079,TGTGAGAG,CTCTCACA,P7-Hamady-nexR_0018
G12.T3.R1.TP1,PE-PL2,D,10,Experiment,BESC-803,West-5,West,Fusarium,R1,1,ST2_5,TGGACTAC,P5-Hamady-nexF_0091,GTACCAAC,GTTGGTAC,P7-Hamady-nexR_0008
G12.T3.R1.TP2,PE-PL4,F,3,Experiment,BESC-803,West-5,West,Fusarium,R1,2,ST2_4,AACCTTCC,P5-Hamady-nexF_0016,TGTCGACA,TGTCGACA,P7-Hamady-nexR_0029
G12.T3.R2.TP1,PE-PL4,D,8,Experiment,BESC-803,West-5,West,Fusarium,R2,1,ST2_4,GTGTACTG,P5-Hamady-nexF_0047,GTAGACCT,AGGTCTAC,P7-Hamady-nexR_0033
G12.T3.R2.TP2,PE-PL6,H,4,Experiment,BESC-803,West-5,West,Fusarium,R2,2,ST2_2,CTTGTCCA,P5-Hamady-nexF_0037,GTACCAAC,GTTGGTAC,P7-Hamady-nexR_0008
G12.T3.R3.TP1,PE-PL4,F,2,Experiment,BESC-803,West-5,West,Fusarium,R3,1,ST2_4,AACCTTCC,P5-Hamady-nexF_0016,TTCGTTCG,CGAACGAA,P7-Hamady-nexR_0013
G12.T3.R3.TP2,PE-PL6,H,5,Experiment,BESC-803,West-5,West,Fusarium,R3,2,ST2_2,CTTGTCCA,P5-Hamady-nexF_0037,CATGTGCA,TGCACATG,P7-Hamady-nexR_0021
G12.T3.R4.TP1,PE-PL4,C,10,Experiment,BESC-803,West-5,West,Fusarium,R4,1,ST2_4,GTGTACTG,P5-Hamady-nexF_0047,TGTGAGAG,CTCTCACA,P7-Hamady-nexR_0018
G12.T3.R4.TP2,PE-PL7,C,11,Experiment,BESC-803,West-5,West,Fusarium,R4,2,ST2_7,TATAGCGC,P5-Hamady-nexF_0021,GAGTACAG,CTGTACTC,P7-Hamady-nexR_0005
G12.T4.R1.TP1,PE-PL3,E,6,Experiment,BESC-803,West-5,West,Aureobasidium,R1,1,ST2_8,TGACGAGA,P5-Hamady-nexF_0052,CGTTCCTA,TAGGAACG,P7-Hamady-nexR_0009
G12.T4.R1.TP2,PE-PL5,C,4,Experiment,BESC-803,West-5,West,Aureobasidium,R1,2,ST2_6,TGGTGAAG,P5-Hamady-nexF_0061,TGTGAGAG,CTCTCACA,P7-Hamady-nexR_0018
G12.T4.R2.TP1,PE-PL1,E,10,Experiment,BESC-803,West-5,West,Aureobasidium,R2,1,ST2_3,CTGATCTC,P5-Hamady-nexF_0082,AACGTTGC,GCAACGTT,P7-Hamady-nexR_0035
G12.T4.R2.TP2,PE-PL4,F,6,Experiment,BESC-803,West-5,West,Aureobasidium,R2,2,ST2_4,AACCTTCC,P5-Hamady-nexF_0016,AGGAACCA,TGGTTCCT,P7-Hamady-nexR_0036
G12.T4.R4.TP1,PE-PL5,H,4,Experiment,BESC-803,West-5,West,Aureobasidium,R4,1,ST2_6,ACGATGCT,P5-Hamady-nexF_0058,GTACCAAC,GTTGGTAC,P7-Hamady-nexR_0008
G12.T4.R4.TP2,PE-PL7,E,1,Experiment,BESC-803,West-5,West,Aureobasidium,R4,2,ST2_7,GTAGCTTG,P5-Hamady-nexF_0089,GTGTCTCT,AGAGACAC,P7-Hamady-nexR_0031
G12.T5.R1.TP1,PE-PL3,F,4,Experiment,BESC-803,West-5,West,Dioszegia,R1,1,ST2_8,TGACGAGA,P5-Hamady-nexF_0052,ACTCTGTC,GACAGAGT,P7-Hamady-nexR_0016
G12.T5.R1.TP2,PE-PL5,B,10,Experiment,BESC-803,West-5,West,Dioszegia,R1,2,ST2_6,GACAACTC,P5-Hamady-nexF_0067,ACTCTGTC,GACAGAGT,P7-Hamady-nexR_0016
G12.T5.R2.TP1,PE-PL5,C,11,Experiment,BESC-803,West-5,West,Dioszegia,R2,1,ST2_6,GACAACTC,P5-Hamady-nexF_0067,GAGTACAG,CTGTACTC,P7-Hamady-nexR_0005
G12.T5.R2.TP2,PE-PL3,D,7,Experiment,BESC-803,West-5,West,Dioszegia,R2,2,ST2_8,CCAATTCC,P5-Hamady-nexF_0068,TTGCTACC,GGTAGCAA,P7-Hamady-nexR_0003
G12.T5.R3.TP2,PE-PL6,E,4,Experiment,BESC-803,West-5,West,Dioszegia,R3,2,ST2_2,CTTGTCCA,P5-Hamady-nexF_0037,AACGTTGC,GCAACGTT,P7-Hamady-nexR_0035
G12.T5.R4.TP1,PE-PL6,F,5,Experiment,BESC-803,West-5,West,Dioszegia,R4,1,ST2_2,CTTGTCCA,P5-Hamady-nexF_0037,AGAGACAC,GTGTCTCT,P7-Hamady-nexR_0001
G12.T5.R4.TP2,PE-PL5,D,2,Experiment,BESC-803,West-5,West,Dioszegia,R4,2,ST2_6,TGGTGAAG,P5-Hamady-nexF_0061,GTAGACCT,AGGTCTAC,P7-Hamady-nexR_0033
G12.T6.R1.TP1,PE-PL3,G,9,Experiment,BESC-803,West-5,West,Negative,R1,1,ST2_8,AGTGGTGA,P5-Hamady-nexF_0010,TCTCACTG,CAGTGAGA,P7-Hamady-nexR_0034
G12.T6.R1.TP2,PE-PL6,H,11,Experiment,BESC-803,West-5,West,Negative,R1,2,ST2_2,ACGAGAAC,P5-Hamady-nexF_0079,CATGTGCA,TGCACATG,P7-Hamady-nexR_0021
G12.T6.R2.TP1,PE-PL2,C,9,Experiment,BESC-803,West-5,West,Negative,R2,1,ST2_5,TGGACTAC,P5-Hamady-nexF_0091,TCTCACTG,CAGTGAGA,P7-Hamady-nexR_0034
G12.T6.R2.TP2,PE-PL5,G,2,Experiment,BESC-803,West-5,West,Negative,R2,2,ST2_6,ACGATGCT,P5-Hamady-nexF_0058,TGACTGTG,CACAGTCA,P7-Hamady-nexR_0022
G12.T6.R4.TP1,PE-PL6,D,4,Experiment,BESC-803,West-5,West,Negative,R4,1,ST2_2,GGCCATAT,P5-Hamady-nexF_0001,GTACCAAC,GTTGGTAC,P7-Hamady-nexR_0008
G12.T6.R4.TP2,PE-PL2,B,2,Experiment,BESC-803,West-5,West,Negative,R4,2,ST2_5,AACCGGTT,P5-Hamady-nexF_0007,TTCGTTCG,CGAACGAA,P7-Hamady-nexR_0013
Mock.1,PE-PL7,A,7,Mock,NA,NA,NA,NA,NA,NA,ST2_7,TATAGCGC,P5-Hamady-nexF_0021,GTGTCTCT,AGAGACAC,P7-Hamady-nexR_0031
Mock.2,PE-PL7,B,7,Mock,NA,NA,NA,NA,NA,NA,ST2_7,TATAGCGC,P5-Hamady-nexF_0021,ACCTTGCT,AGCAAGGT,P7-Hamady-nexR_0002
Mock.3,PE-PL7,C,7,Mock,NA,NA,NA,NA,NA,NA,ST2_7,TATAGCGC,P5-Hamady-nexF_0021,CAAGCAAG,CTTGCTTG,P7-Hamady-nexR_0014
Mock.4,PE-PL7,D,7,Mock,NA,NA,NA,NA,NA,NA,ST2_7,TATAGCGC,P5-Hamady-nexF_0021,TTGCTACC,GGTAGCAA,P7-Hamady-nexR_0003
Mock.5,PE-PL7,E,7,Mock,NA,NA,NA,NA,NA,NA,ST2_7,ATCGGCAT,P5-Hamady-nexF_0024,GTGTCTCT,AGAGACAC,P7-Hamady-nexR_0031
Mock.6,PE-PL7,F,7,Mock,NA,NA,NA,NA,NA,NA,ST2_7,ATCGGCAT,P5-Hamady-nexF_0024,ACCTTGCT,AGCAAGGT,P7-Hamady-nexR_0002
Mock.7,PE-PL7,G,7,Mock,NA,NA,NA,NA,NA,NA,ST2_7,ATCGGCAT,P5-Hamady-nexF_0024,CAAGCAAG,CTTGCTTG,P7-Hamady-nexR_0014
Mock.8,PE-PL7,H,7,Mock,NA,NA,NA,NA,NA,NA,ST2_7,ATCGGCAT,P5-Hamady-nexF_0024,TTGCTACC,GGTAGCAA,P7-Hamady-nexR_0003
Mock.9,PE-PL7,A,8,Mock,NA,NA,NA,NA,NA,NA,ST2_7,TATAGCGC,P5-Hamady-nexF_0021,GAGAGAGA,TCTCTCTC,P7-Hamady-nexR_0028
Mock.10,PE-PL7,B,8,Mock,NA,NA,NA,NA,NA,NA,ST2_7,TATAGCGC,P5-Hamady-nexF_0021,TTCGTTCG,CGAACGAA,P7-Hamady-nexR_0013
NEG.EXT.PL1A12,PE-PL1,A,12,NEG.EXT,NA,NA,NA,NA,NA,NA,ST2_3,GCATCGAT,P5-Hamady-nexF_0032,CGTTCCTA,TAGGAACG,P7-Hamady-nexR_0009
NEG.EXT.PL1H1,PE-PL1,H,1,NEG.EXT,NA,NA,NA,NA,NA,NA,ST2_3,AGTCCACA,P5-Hamady-nexF_0077,TTGCTACC,GGTAGCAA,P7-Hamady-nexR_0003
NEG.EXT.PL2A12,PE-PL2,A,12,NEG.EXT,NA,NA,NA,NA,NA,NA,ST2_5,TGGACTAC,P5-Hamady-nexF_0091,CGTTCCTA,TAGGAACG,P7-Hamady-nexR_0009
NEG.EXT.PL2H1,PE-PL2,H,1,NEG.EXT,NA,NA,NA,NA,NA,NA,ST2_5,GATCACCA,P5-Hamady-nexF_0044,TTGCTACC,GGTAGCAA,P7-Hamady-nexR_0003
NEG.EXT.PL3A12,PE-PL3,A,12,NEG.EXT,NA,NA,NA,NA,NA,NA,ST2_8,CCAATTCC,P5-Hamady-nexF_0068,CGTTCCTA,TAGGAACG,P7-Hamady-nexR_0009
NEG.EXT.PL3H1,PE-PL3,H,1,NEG.EXT,NA,NA,NA,NA,NA,NA,ST2_8,TGACGAGA,P5-Hamady-nexF_0052,TTGCTACC,GGTAGCAA,P7-Hamady-nexR_0003
NEG.EXT.PL4A12,PE-PL4,A,12,NEG.EXT,NA,NA,NA,NA,NA,NA,ST2_4,GTGTACTG,P5-Hamady-nexF_0047,CGTTCCTA,TAGGAACG,P7-Hamady-nexR_0009
NEG.EXT.PL4H1,PE-PL4,H,1,NEG.EXT,NA,NA,NA,NA,NA,NA,ST2_4,AACCTTCC,P5-Hamady-nexF_0016,TTGCTACC,GGTAGCAA,P7-Hamady-nexR_0003
NEG.EXT.PL5A12,PE-PL5,A,12,NEG.EXT,NA,NA,NA,NA,NA,NA,ST2_6,GACAACTC,P5-Hamady-nexF_0067,CGTTCCTA,TAGGAACG,P7-Hamady-nexR_0009
NEG.EXT.PL5H1,PE-PL5,H,1,NEG.EXT,NA,NA,NA,NA,NA,NA,ST2_6,ACGATGCT,P5-Hamady-nexF_0058,TTGCTACC,GGTAGCAA,P7-Hamady-nexR_0003
NEG.EXT.PL6A12,PE-PL6,A,12,NEG.EXT,NA,NA,NA,NA,NA,NA,ST2_2,TAGGCGTT,P5-Hamady-nexF_0041,CGTTCCTA,TAGGAACG,P7-Hamady-nexR_0009
NEG.EXT.PL6H1,PE-PL6,H,1,NEG.EXT,NA,NA,NA,NA,NA,NA,ST2_2,CTTGTCCA,P5-Hamady-nexF_0037,TTGCTACC,GGTAGCAA,P7-Hamady-nexR_0003
NEG.EXT.PL7A7,PE-PL7,A,6,NEG.EXT,NA,NA,NA,NA,NA,NA,ST2_7,TCGTAGCA,P5-Hamady-nexF_0053,CGTTCCTA,TAGGAACG,P7-Hamady-nexR_0009
NEG.EXT.PL7H1,PE-PL7,H,1,NEG.EXT,NA,NA,NA,NA,NA,NA,ST2_7,GTAGCTTG,P5-Hamady-nexF_0089,TTGCTACC,GGTAGCAA,P7-Hamady-nexR_0003
NEG.PCR.PL1A1,PE-PL1,A,1,NEG.PCR,NA,NA,NA,NA,NA,NA,ST2_3,TTCGATGG,P5-Hamady-nexF_0002,GTGTCTCT,AGAGACAC,P7-Hamady-nexR_0031
NEG.PCR.PL1H12,PE-PL1,H,12,NEG.PCR,NA,NA,NA,NA,NA,NA,ST2_3,CTGATCTC,P5-Hamady-nexF_0082,AACGAACG,CGTTCGTT,P7-Hamady-nexR_0007
NEG.PCR.PL2A1,PE-PL2,A,1,NEG.PCR,NA,NA,NA,NA,NA,NA,ST2_5,AACCGGTT,P5-Hamady-nexF_0007,GTGTCTCT,AGAGACAC,P7-Hamady-nexR_0031
NEG.PCR.PL2H12,PE-PL2,H,12,NEG.PCR,NA,NA,NA,NA,NA,NA,ST2_5,CCATTAGG,P5-Hamady-nexF_0095,AACGAACG,CGTTCGTT,P7-Hamady-nexR_0007
NEG.PCR.PL3A1,PE-PL3,A,1,NEG.PCR,NA,NA,NA,NA,NA,NA,ST2_8,CACTTCTG,P5-Hamady-nexF_0013,GTGTCTCT,AGAGACAC,P7-Hamady-nexR_0031
NEG.PCR.PL3H12,PE-PL3,H,12,NEG.PCR,NA,NA,NA,NA,NA,NA,ST2_8,AGTGGTGA,P5-Hamady-nexF_0010,AACGAACG,CGTTCGTT,P7-Hamady-nexR_0007
NEG.PCR.PL4A1,PE-PL4,A,1,NEG.PCR,NA,NA,NA,NA,NA,NA,ST2_4,AGAGCAGT,P5-Hamady-nexF_0005,GTGTCTCT,AGAGACAC,P7-Hamady-nexR_0031
NEG.PCR.PL4H12,PE-PL4,H,12,NEG.PCR,NA,NA,NA,NA,NA,NA,ST2_4,TCTCAGAG,P5-Hamady-nexF_0072,AACGAACG,CGTTCGTT,P7-Hamady-nexR_0007
NEG.PCR.PL5A1,PE-PL5,A,1,NEG.PCR,NA,NA,NA,NA,NA,NA,ST2_6,TGGTGAAG,P5-Hamady-nexF_0061,GTGTCTCT,AGAGACAC,P7-Hamady-nexR_0031
NEG.PCR.PL5H12,PE-PL5,H,12,NEG.PCR,NA,NA,NA,NA,NA,NA,ST2_6,CGCGATTA,P5-Hamady-nexF_0070,AACGAACG,CGTTCGTT,P7-Hamady-nexR_0007
NEG.PCR.PL6A1,PE-PL6,A,1,NEG.PCR,NA,NA,NA,NA,NA,NA,ST2_2,GGCCATAT,P5-Hamady-nexF_0001,GTGTCTCT,AGAGACAC,P7-Hamady-nexR_0031
NEG.PCR.PL6H12,PE-PL6,H,12,NEG.PCR,NA,NA,NA,NA,NA,NA,ST2_2,ACGAGAAC,P5-Hamady-nexF_0079,AACGAACG,CGTTCGTT,P7-Hamady-nexR_0007
NEG.PCR.PL7A1,PE-PL7,A,1,NEG.PCR,NA,NA,NA,NA,NA,NA,ST2_7,TCGTAGCA,P5-Hamady-nexF_0053,GTGTCTCT,AGAGACAC,P7-Hamady-nexR_0031
NEG.PCR.PL7F7,PE-PL7,F,6,NEG.PCR,NA,NA,NA,NA,NA,NA,ST2_7,GTAGCTTG,P5-Hamady-nexF_0089,AGGAACCA,TGGTTCCT,P7-Hamady-nexR_0036
